,country,title,variety,winery,price,year
306,9.5,Cramele Recas 2009 Chardonnay (Recas),3298.0,0,7.0,2009
723,24.17241379310345,Messias 2015 Santola White (Vinho Verde),202.0,1,8.0,2015
718,24.17241379310345,Casca Wines 2015 Bote Chardonnay-Fernão Pires-Vital White (Lisboa),202.0,2,8.0,2015
726,24.17241379310345,Quinta de Paços 2015 Casa de Paços Rosé (Vinho Verde),493.0,3,9.0,2015
383,32.2972972972973,Tommasi 2001 Vigneto Santa Cecilia Chardonnay (Valdadige),3298.0,4,9.0,2001
819,42.0,Mont Gravet 2013 Colombard (Côtes de Gascogne),9.0,5,9.0,2013
746,47.16,Jacob's Creek 2015 Classic Pinot Grigio (South Eastern Australia),60.0,6,9.0,2015
76,79.0,Schmitt Söhne 2015 Riesling (Rheinhessen),2244.0,7,9.0,2015
921,24.17241379310345,Falua 2015 Conde Vimioso Colheita Seleccionada Branco White (Tejo),202.0,8,9.0,2015
44,17.575,Sundance 2011 Merlot (Maule Valley),525.0,9,9.0,2011
42,42.0,Henry Fessy 2012 Nouveau  (Beaujolais),172.0,10,9.0,2012
240,42.0,Domaine du Tariquet 2007 Ugni Blanc-Colombard (Vin de Pays des Côtes de Gascogne),9.0,11,9.0,2007
966,37.75,Kono 2008 Sauvignon Blanc (Marlborough),605.0,12,9.0,2008
969,17.575,Morandé 2008 Pionero Carmenère (Maipo Valley),61.0,13,9.0,2008
767,26.029411764705884,Manyana 2008 Tempranillo (Cariñena),250.0,14,9.0,2008
741,42.0,Patriarche Père et Fils 2014  Coteaux Bourguignons,10.0,15,10.0,2014
138,42.0,Dopff & Irion 2008 Crustacés White (Alsace),75.0,16,10.0,2008
234,32.2972972972973,Talamonti 2007 Cerasuolo Rosè  (Montepulciano d'Abruzzo),10.0,17,10.0,2007
231,32.88235294117647,Andean Sky 2007 Bonarda (Mendoza),55.0,18,10.0,2007
824,39.18766066838046,Stomping Ground 2010 Merlot (California),525.0,19,10.0,2010
85,79.0,P.J. Valckenberg 2015 Undone Dry Riesling (Rheinhessen),2244.0,20,10.0,2015
841,39.18766066838046,Leaping Horse 2013 Chardonnay (California),3298.0,21,10.0,2013
763,26.029411764705884,Pablo del Villar 2010 Ipsum Verdejo-Viura (Rueda),10.0,22,10.0,2010
729,24.17241379310345,Herdade Grande 2015 Audaz Branco White (Alentejano),202.0,23,10.0,2015
731,42.0,Kiwi Cuvée 2014 Bin 068 Chardonnay (Vin de France),3298.0,25,10.0,2014
903,79.0,Bex 2014 Riesling (Nahe),2244.0,26,10.0,2014
979,42.0,Château Lamothe-Vincent 2008 Sauvignon  (Bordeaux Blanc),605.0,27,10.0,2008
372,32.2972972972973,Gini 2002 Classico  (Soave),597.0,28,10.0,2002
967,17.575,Santa Ema 2008 Selected Terroir Chardonnay (Casablanca Valley),3298.0,29,10.0,2008
981,42.0,Yvon Mau 2007 Premius Bordeaux Sauvignon  (Bordeaux Blanc),605.0,30,10.0,2007
754,26.029411764705884,El Coto 2010 Viura (Rioja),38.0,31,10.0,2010
367,17.575,De Martino 1999 Reserva de la Familia Carmenère (Maipo Valley),61.0,32,10.0,1999
27,32.2972972972973,Stemmari 2013 Nero d'Avola (Terre Siciliane),87.0,33,10.0,2013
500,26.029411764705884,El Coto 2011 Rosado Rosé (Rioja),493.0,31,11.0,2011
82,42.0,Lionel Osmin & Cie 2016 La Réserve Petit Manseng (Vin de France),11.0,34,11.0,2016
368,32.2972972972973,Montresor 2001  Bianco di Custoza,68.0,35,11.0,2001
338,42.0,Mémoires 2015 Rosé (Coteaux Varois en Provence),493.0,36,11.0,2015
189,17.575,Emiliana 2008 Natura Chardonnay (Casablanca Valley),3298.0,37,11.0,2008
402,17.575,Viña Bisquertt 2007 Casa la Joya Reserve Syrah (Colchagua Valley),1212.0,39,11.0,2007
325,39.18766066838046,Lucas Vineyards 2007 Vignoles (Finger Lakes),11.0,40,11.0,2007
381,32.2972972972973,Fratelli Zeni 2000 Vigne Alte  (Bianco di Custoza),597.0,41,11.0,2000
393,17.575,San Pedro 2002 Castillo de Molina Reserva Chardonnay (Lontué Valley),3298.0,42,11.0,2002
768,47.16,McWilliam's Hanwood Estate 2008 Cabernet Sauvignon (South Eastern Australia),3878.0,43,11.0,2008
188,17.575,Viña Bisquertt 2007 Casa La Joya Reserve Merlot (Colchagua Valley),525.0,39,11.0,2007
963,42.0,Château Pavillon de Boyrein 2006  Graves,1244.0,44,11.0,2006
615,32.88235294117647,Tilia 2011 Malbec (Mendoza),899.0,45,11.0,2011
574,42.0,Château de Campuget 2016 Tradition Rosé (Costières de Nîmes),493.0,46,11.0,2016
38,32.2972972972973,Feudi di San Marzano 2011 I Tratturi Primitivo (Puglia),59.0,47,11.0,2011
827,17.575,Terrapura 2012 Merlot (Curicó Valley),525.0,48,11.0,2012
380,17.575,Lapostolle 2002 Estate Bottled Merlot (Rapel Valley),525.0,49,12.0,2002
835,42.0,Georges Duboeuf 2013 Flower Label  (Beaujolais),172.0,50,12.0,2013
394,17.575,Undurraga 2001 Reserva Merlot (Maipo Valley),525.0,51,12.0,2001
786,24.17241379310345,Sobredos 2012 Aneto Tinto Red (Douro),360.0,52,12.0,2012
392,39.18766066838046,Bridlewood 2000 Sauvignon Blanc (Santa Ynez Valley),605.0,53,12.0,2000
484,29.11111111111111,Ken Forrester 2011 Petit Chenin Blanc (Western Cape),113.0,54,12.0,2011
390,17.575,Casa Julia 2001 Reserve Cabernet Sauvignon (Maipo Valley),3878.0,55,12.0,2001
745,24.17241379310345,Ribafreixo 2015 Pato Frio Antão Vaz (Alentejo),12.0,56,12.0,2015
817,17.575,La Playa 2012 Block Selection Reserve Block N. 10 Merlot (Colchagua Valley),525.0,57,12.0,2012
80,17.575,Aresti 2014 Special Release Reserva Carmenère (Rapel Valley),61.0,58,12.0,2014
494,39.18766066838046,Knapp 2011 Chardonnay (Finger Lakes),3298.0,59,12.0,2011
820,26.029411764705884,Navardia 2013 Made With Organic Grapes  (Rioja),136.0,60,12.0,2013
93,18.6,Fuchs 2015 Grüner Veltliner (Burgenland),157.0,61,12.0,2015
749,42.0,Cave de Beblenheim 2009 Baron de Hoen Riesling (Alsace),2244.0,62,12.0,2009
444,18.6,Eschenhof Holzer 2015 Altweingarten Grüner Veltliner (Wagram),157.0,63,12.0,2015
68,39.18766066838046,Cocobon 2014 Red (California),1997.0,65,12.0,2014
14,39.18766066838046,Mirassou 2012 Chardonnay (Central Coast),3298.0,66,12.0,2012
613,24.17241379310345,Solar de Pinheiro 2012 Paço de São Lourenço White (Vinho Verde),202.0,67,12.0,2012
984,9.5,Byzantium 2005 Rosso di Valachia Red (Dealu Mare),1997.0,68,12.0,2005
324,32.2972972972973,L'Antica Quercia 2007 Matiú Brut  (Prosecco di Conegliano),194.0,69,12.0,2007
39,32.2972972972973,Feudo di Santa Tresa 2011 Purato Made With Organic Grapes Nero d'Avola (Sicilia),87.0,70,12.0,2011
70,39.18766066838046,Drumheller 2014 Chardonnay (Columbia Valley (WA)),3298.0,71,12.0,2014
990,39.18766066838046,Dancing Bull 2007 Sauvignon Blanc (California),605.0,72,12.0,2007
506,32.2972972972973,Altùris 2011 White (Venezia Giulia),597.0,73,12.0,2011
232,47.16,Angove's 2006 Red Belly Black Shiraz (South Australia),420.0,74,12.0,2006
183,32.88235294117647,Alamos 2007 Torrontés (Salta),46.0,75,12.0,2007
411,39.18766066838046,Morro Bay 2006 Split Oak Vineyard Cabernet Sauvignon (California),3878.0,76,12.0,2006
8,79.0,Heinz Eifel 2013 Shine Gewürztraminer (Rheinhessen),340.0,77,12.0,2013
993,42.0,Domaine du Tariquet 2007 Chenin Blanc-Chardonnay (Vin de Pays des Côtes de Gascogne),12.0,11,12.0,2007
975,32.2972972972973,Feudo Montoni 2008 P Pinot Noir (Sicilia),4511.0,78,12.0,2008
441,18.6,Winzer Krems 2015 Rosé Zweigelt (Niederösterreich),12.0,79,12.0,2015
245,32.88235294117647,Finca Las Moras 2007 Reserve Chardonnay (San Juan),3298.0,80,12.0,2007
922,32.88235294117647,Finca Sophenia 2015 Altosur Sauvignon Blanc (Tupungato),605.0,81,12.0,2015
737,24.17241379310345,Wines & Winemakers 2015 Casa Ermelinda Freitas Monte de Baía Rosé (Península de Setúbal),493.0,82,12.0,2015
483,29.11111111111111,Cape View 2011 Chenin Blanc (Stellenbosch),113.0,83,12.0,2011
579,39.18766066838046,Cupcake 2016 Rosé (California),493.0,84,13.0,2016
591,18.6,Winzer Krems 2016 GV Grüner Veltliner (Niederösterreich),157.0,79,13.0,2016
751,17.575,De Martino 2010 347 Vineyards Sauvignon Blanc (Central Valley),605.0,32,13.0,2010
413,32.2972972972973,Pizzolato 2007  Prosecco del Veneto,194.0,85,13.0,2007
485,42.0,Louis Bernard 2009 Red (Côtes du Rhône Villages),242.0,86,13.0,2009
670,39.18766066838046,Snoqualmie 2013 Eco Made with Organic Grapes Cabernet Sauvignon (Columbia Valley (WA)),3878.0,87,13.0,2013
727,39.18766066838046,Rascal 2014 Pinot Noir (Oregon),4511.0,89,13.0,2014
398,17.575,Aresti 2008 Estate Selection Sauvignon Blanc (Curicó Valley),605.0,58,13.0,2008
596,15.333333333333334,Lyrarakis 2015 Vilana (Crete),13.0,91,13.0,2015
127,42.0,Pierre Sparr 2008 Alsace One White (Alsace),597.0,92,13.0,2008
46,32.2972972972973,Tasca d'Almerita 2011 Sallier de la Tour Inzolia (Sicilia),13.0,94,13.0,2011
3,39.18766066838046,St. Julian 2013 Reserve Late Harvest Riesling (Lake Michigan Shore),2244.0,95,13.0,2013
17,32.88235294117647,Gaucho Andino 2011 Winemaker Selection Malbec (Mendoza),899.0,96,13.0,2011
244,26.029411764705884,J. & F. Lurton 2007 Herederos de François Lurton Villafrance de Duero Red (Vino de la Tierra de Castilla y León),1997.0,97,13.0,2007
274,32.2972972972973,Pico Maccario 2010 Estrosa White (Monferrato),597.0,98,13.0,2010
26,32.2972972972973,Stemmari 2013 Dalila White (Terre Siciliane),597.0,33,13.0,2013
947,24.17241379310345,Real Companhia Velha 2014 Evel Tinto Red (Douro),360.0,99,13.0,2014
47,39.18766066838046,The White Knight 2011 Riesling (Lake County),2244.0,100,13.0,2011
57,32.2972972972973,Tasca d'Almerita 2011 Sallier de la Tour Grillo (Sicilia),13.0,94,13.0,2011
58,17.575,Tres Palacios 2011 Reserve Pinot Noir (Maipo Valley),4511.0,101,13.0,2011
486,39.18766066838046,Lyeth 2010 L de Lyeth Cabernet Sauvignon (Sonoma County),3878.0,102,13.0,2010
339,26.029411764705884,Cavas Hill NV 1887 Rosado Sparkling (Cava),223.0,103,13.0,1887
489,32.2972972972973,Vigneti Le Monde 2010 Sauvignon (Friuli Grave),114.0,104,13.0,2010
43,39.18766066838046,Robert Hall 2011 Sauvignon Blanc (Paso Robles),605.0,105,14.0,2011
301,39.18766066838046,Buried Cane 2009 Whiteline No Oak Chardonnay (Columbia Valley (WA)),3298.0,106,14.0,2009
923,24.17241379310345,Fiuza 2015 Red (Tejo),14.0,107,14.0,2015
575,42.0,Château de l'Aubrade 2015  Bordeaux Supérieur,1244.0,109,14.0,2015
105,32.2972972972973,Marchesi Antinori 2015 Villa Antinori White (Toscana),597.0,110,14.0,2015
415,39.18766066838046,Red Newt Cellars 2007 Riesling (Finger Lakes),2244.0,111,14.0,2007
447,42.0,Gadais Père et Fils 2015 Domaine de la Vieille Cure Sur Lie  (Muscadet Sèvre et Maine),14.0,112,14.0,2015
992,42.0,Domaine des Terrisses 2006 Grande Tradition Red (Gaillac),1997.0,113,14.0,2006
266,32.88235294117647,Kaiken 2008 Corte Malbec-Bonarda-Petit Verdot Red (Mendoza),1997.0,114,14.0,2008
996,32.2972972972973,Caruso & Minini 2006 Terre di Giumara Syrah (Sicilia),1212.0,115,14.0,2006
391,17.575,Valdivieso 2001 Reserve Chardonnay (Central Valley),3298.0,116,14.0,2001
2,39.18766066838046,Rainstorm 2013 Pinot Gris (Willamette Valley),434.0,117,14.0,2013
156,79.0,Carl Graff 2014 Graacher Himmelreich Spätlese Riesling (Mosel),2244.0,118,14.0,2014
573,42.0,Château Bois Chantant 2015  Bordeaux Supérieur,1244.0,119,14.0,2015
762,26.029411764705884,Oro de Castilla 2010 Solo Verdejo (Rueda),79.0,120,14.0,2010
52,32.2972972972973,Cantine di Dolianova 2010 Dolia  (Monica di Sardegna),14.0,121,14.0,2010
932,42.0,Château les Petits Arnauds 2014 Tradition  (Blaye Côtes de Bordeaux),1244.0,122,14.0,2014
228,39.18766066838046,Treleaven 2006 Semi-Dry Riesling (Cayuga Lake),2244.0,123,14.0,2006
407,17.575,Lapostolle 2007 Casa Chardonnay (Casablanca Valley),3298.0,49,14.0,2007
724,39.18766066838046,Mont Sec 2015 Mont Sec Vineyards Viognier (Texas),266.0,124,14.0,2015
56,39.18766066838046,Souverain 2010 Chardonnay (North Coast),3298.0,125,14.0,2010
721,32.88235294117647,Domaine Bousquet 2015 Cabernet Sauvignon (Tupungato),3878.0,126,14.0,2015
49,42.0,Vignerons de Bel Air 2011 Eté Indien  (Brouilly),172.0,127,14.0,2011
935,42.0,Château Ségonzac 2014 Vieilles Vignes  (Blaye Côtes de Bordeaux),1244.0,128,14.0,2014
227,39.18766066838046,Wagner 2006 Grace House Pinot Noir (Finger Lakes),4511.0,129,15.0,2006
403,39.18766066838046,Vinavanti 2005 Le Bon Viveur Red (California),1997.0,130,15.0,2005
271,15.333333333333334,My Big Fat Greek Wine 2010 Assyrtico (Santorini),15.0,131,15.0,2010
479,32.2972972972973,Santa Maria La Palma 2006 Riserva  (Cannonau di Sardegna),33.0,132,15.0,2006
335,32.2972972972973,L'Antica Quercia 2007 Arió Extra Dry  (Prosecco di Conegliano),194.0,69,15.0,2007
397,17.575,Cono Sur 2008 Visión Pinot Noir (Colchagua Valley),4511.0,133,15.0,2008
246,47.16,Long Flat 2006 Destinations Sauvignon Blanc (Adelaide Hills),605.0,134,15.0,2006
389,32.2972972972973,Cantina Terlano 2002 Terlano Classico White (Alto Adige),597.0,135,15.0,2002
438,26.029411764705884,Vinos de Arganza 2012 Século Mencía (Bierzo),57.0,136,15.0,2012
436,32.2972972972973,Tenuta La Marchesa 2015 Gold Label  (Gavi),34.0,137,15.0,2015
242,39.18766066838046,Hayman & Hill 2007 Reserve Selection Chardonnay (Russian River Valley),3298.0,138,15.0,2007
379,32.2972972972973,La Vis 2001 Bianco dei Sorni White (Trentino),597.0,139,15.0,2001
297,39.18766066838046,Aquinas 2008 Cabernet Sauvignon (Napa Valley),3878.0,140,15.0,2008
185,17.575,Apaltagua 2007 Envero Gran Reserva Carmenère (Colchagua Valley),61.0,142,15.0,2007
408,32.2972972972973,Le Vigne di Alice 2008 Millesimato Extra Dry  (Prosecco di Conegliano e Valdobbiadene),194.0,143,15.0,2008
373,32.2972972972973,Borgo Conventi 2002 I Fiori del Borgo Sauvignon Blanc (Collio),605.0,145,15.0,2002
382,17.575,Carmen 2000 Estate Grown Reserve Cabernet Sauvignon (Maipo Valley),3878.0,146,15.0,2000
331,17.575,Cono Sur 2008 Visión Gewürztraminer (Casablanca Valley),340.0,133,15.0,2008
1,24.17241379310345,Quinta dos Avidagos 2011 Avidagos Red (Douro),360.0,147,15.0,2011
830,42.0,Domaine de Thulon 2013  Beaujolais-Villages,3298.0,148,15.0,2013
805,39.18766066838046,Firesteed 2012 Riesling (Oregon),2244.0,149,15.0,2012
818,42.0,Les Vins Aujoux 2013 Belle Grâce  (Beaujolais-Villages),172.0,150,15.0,2013
487,32.2972972972973,Marco Cecchini 2010 Tovè White (Colli Orientali del Friuli),597.0,152,15.0,2010
858,39.18766066838046,Firesteed 2014 Pinot Gris (Oregon),434.0,149,15.0,2014
868,17.575,Carmen 2014 Gran Reserva Carmenère (Colchagua Valley),61.0,146,15.0,2014
893,47.16,Hungerford Hill 2008 Heavy Metal Shiraz (South Eastern Australia),420.0,153,15.0,2008
919,32.88235294117647,Domaine Bousquet 2015 Reserve Pinot Gris (Tupungato),434.0,126,15.0,2015
66,42.0,Vignerons des Terres Secrètes 2015  Mâcon-Milly Lamartine,3298.0,154,15.0,2015
930,32.88235294117647,Bodega Calle 2014 Alberti 154 Malbec (Mendoza),899.0,155,15.0,2014
934,42.0,Château Saintongey 2014 Vieilles Vignes  (Bordeaux),1244.0,156,15.0,2014
53,42.0,Château de Sours 2011 La Fleur d'Amélie  (Bordeaux Blanc),15.0,157,15.0,2011
938,26.029411764705884,Covila 2013 II Crianza  (Rioja),250.0,158,15.0,2013
941,26.029411764705884,Ego Bodegas 2014 Goru Verde Monastrell (Jumilla),15.0,159,15.0,2014
948,24.17241379310345,Santos & Seixo 2014 Santos da Casa Tinto Red (Alentejano),360.0,160,15.0,2014
36,17.575,Estampa 2011 Estate Viognier-Chardonnay (Colchagua Valley),15.0,161,15.0,2011
954,39.18766066838046,Archgate Cellars 2014 Reserve Bottling Cabernet Sauvignon (Lodi),3878.0,162,15.0,2014
978,39.18766066838046,X 2008 White X White (North Coast),597.0,164,15.0,2008
5,26.029411764705884,Tandem 2011 Ars In Vitro Tempranillo-Merlot (Navarra),15.0,165,15.0,2011
112,32.2972972972973,Podere Ciona 2014 Semifonte Red (Toscana),1997.0,166,15.0,2014
734,32.88235294117647,Durigutti 2014 Bonarda (Mendoza),55.0,167,15.0,2014
253,32.88235294117647,Cueva de las Manos 2007 Reserve Malbec (Luján de Cuyo),899.0,168,15.0,2007
608,24.17241379310345,Quinta do Portal 2012 Verdelho and Sauvignon Blanc White (Douro),202.0,169,15.0,2012
501,39.18766066838046,Fenestra 2010 Silvaspoons Vineyard Verdelho (Lodi),15.0,170,15.0,2010
572,32.2972972972973,Brezza 2015  Dolcetto d'Alba,50.0,171,15.0,2015
578,42.0,Château Maison Noble Saint Martin 2015 Château Jean de Bel Air  (Bordeaux),1244.0,172,15.0,2015
601,16.5,Monte Xanic 2012 Viña Kristel Sauvignon Blanc (Valle de Guadalupe),605.0,173,15.0,2012
719,42.0,Cave de Viré 2015 Grande Réserve du Président  (Mâcon-Villages),3298.0,174,15.0,2015
504,42.0,Alain Jaume et Fils 2009 Réserve Grand Veneur Red (Côtes du Rhône),242.0,175,15.0,2009
625,32.2972972972973,Corte Falco 2010  Soave,68.0,176,15.0,2010
661,39.18766066838046,Monte Volpe 2013 Pinot Grigio (Mendocino),60.0,177,15.0,2013
667,26.029411764705884,Rafael Cambra 2012 Soplo Garnacha Tintorera (Valencia),15.0,178,15.0,2012
730,39.18766066838046,Jack's House 2013 Cabernet Sauvignon (California),3878.0,179,16.0,2013
328,39.18766066838046,Beringer 2007 Alluvium Blanc White (Knights Valley),597.0,180,16.0,2007
933,42.0,Château Mougneaux 2014  Bordeaux Supérieur,1244.0,181,16.0,2014
593,18.6,Landhaus Mayer 2016 Riesling (Niederösterreich),2244.0,182,16.0,2016
337,42.0,Château Notre Dame du Quatourze 2015 Rosé (Languedoc),493.0,183,16.0,2015
230,39.18766066838046,Bloomer Creek 2006 Gewürztraminer (Finger Lakes),340.0,184,16.0,2006
148,79.0,Weingut Liebfrauenstift 2014 Dry Riesling (Rheinhessen),2244.0,185,16.0,2014
48,39.18766066838046,Trump 2011 Sauvignon Blanc (Monticello),605.0,186,16.0,2011
29,39.18766066838046,Clarksburg Wine Company 2010 Chenin Blanc (Clarksburg),113.0,187,16.0,2010
321,32.2972972972973,Sant Eurosia 2007 Brut  (Prosecco di Valdobbiadene),194.0,188,16.0,2007
505,26.029411764705884,Aleo 2009 Tempranillo (Vino de la Tierra de Castilla y León),250.0,189,16.0,2009
432,39.18766066838046,Pomum 2014 Upland Vineyard Riesling (Snipes Mountain),2244.0,190,16.0,2014
873,124.0,Chateau Dereszla 2014 Dry  (Tokaji),597.0,191,16.0,2014
852,42.0,Domaine Roland Schmitt 2014 Grand A du Petit Léon Sylvaner (Alsace),40.0,193,16.0,2014
842,42.0,Manoir du Carra 2013  Beaujolais-Villages,172.0,194,16.0,2013
81,26.029411764705884,Spyro 2014 Albariño (Rías Baixas),79.0,195,16.0,2014
209,42.0,Domaine St Pierre 2014 Red (Côtes du Rhône),242.0,196,16.0,2014
977,39.18766066838046,Ledgewood Creek 2007 Estate Grown Viognier (Suisun Valley),266.0,197,16.0,2007
811,79.0,Castell 2015 Castell Silvaner (Franken),16.0,198,16.0,2015
982,32.2972972972973,Bellenda 2005 Col di Luna Cabernet Sauvignon (Piave),3878.0,199,16.0,2005
6,32.2972972972973,Terre di Giurfo 2013 Belsito Frappato (Vittoria),16.0,200,16.0,2013
104,32.2972972972973,Madonna Alta 2014 Nativo Red (Toscana),1997.0,201,16.0,2014
396,39.18766066838046,Cline 2007 Ancient Vines Zinfandel (California),603.0,202,16.0,2007
952,26.029411764705884,Agustí Torelló Mata 2015 XIC Xarel-lo (Penedès),16.0,203,16.0,2015
964,32.2972972972973,Fabiano 2006 Argillaia  (Lugana),17.0,204,17.0,2006
269,18.6,Mariell 2009 Blaufränkisch (Leithaberg),17.0,205,17.0,2009
976,39.18766066838046,Kendall-Jackson 2008 Summation Vintner's Reserve White (California),597.0,206,17.0,2008
735,32.88235294117647,El Esteco 2015 Don David Reserve Torrontés (Calchaquí Valley),46.0,207,17.0,2015
945,39.18766066838046,Francis Coppola 2014 Director's Chardonnay (Sonoma County),3298.0,208,17.0,2014
590,39.18766066838046,Vintage Cowboy 2016 Chardonnay (Paso Robles),3298.0,209,17.0,2016
428,18.6,Malat 2015 Crazy Creatures Grüner Veltliner (Kremstal),157.0,210,17.0,2015
610,39.18766066838046,Rodney Strong 2012 Charlotte's Home Estate Sauvignon Blanc (Northern Sonoma),605.0,211,17.0,2012
702,42.0,Château Riotor 2014 Rosé (Côtes de Provence),493.0,212,17.0,2014
387,39.18766066838046,Murphy-Goode 2000 Reserve Fume Sauvignon Blanc (Alexander Valley),605.0,213,17.0,2000
798,42.0,Château Mayne Vieil 2014  Fronsac,1244.0,214,17.0,2014
790,39.18766066838046,Barnard Griffin 2014 Signature Cabernet Sauvignon (Columbia Valley (WA)),3878.0,215,17.0,2014
728,32.88235294117647,Terrazas de Los Andes 2015 Reserva Torrontés (Salta),46.0,216,17.0,2015
738,32.88235294117647,Lagarde 2013 Henry Legarde Malbec (Luján de Cuyo),899.0,217,17.0,2013
577,39.18766066838046,Chateau Lafayette Reneau 2016 Pinot Noir Rosé (Finger Lakes),493.0,218,17.0,2016
498,39.18766066838046,Michael Pozzan 2010 Annabella Pinot Noir (Carneros),4511.0,219,17.0,2010
999,39.18766066838046,Amity 2006 Riesling (Willamette Valley),2244.0,220,17.0,2006
61,32.2972972972973,Podere dal Nespoli 2015 Prugneto Sangiovese (Romagna),757.0,221,17.0,2015
142,39.18766066838046,Banyan 2007 Riesling (Santa Lucia Highlands),2244.0,222,17.0,2007
128,42.0,Kuentz-Bas 2008 Pinot Blanc (Alsace),93.0,223,17.0,2008
40,32.2972972972973,Feudo Montoni 2011 Catarratto (Sicilia),17.0,78,17.0,2011
28,32.2972972972973,Terre di Giurfo 2011 Mascaria Barricato  (Cerasuolo di Vittoria),1997.0,200,17.0,2011
91,39.18766066838046,Folie à Deux 2015 Pinot Gris (Sonoma Coast),434.0,224,18.0,2015
491,18.6,Winzer Krems 2011 Kellermeister Privat Goldberg Grüner Veltliner (Kremstal),157.0,79,18.0,2011
495,39.18766066838046,Lava Cap 2010 Battonage Chardonnay (El Dorado),3298.0,225,18.0,2010
872,39.18766066838046,J. Scott Cellars 2015 Albariño (Oregon),79.0,226,18.0,2015
376,32.2972972972973,Volpe Pasini 2002 Zuc de Volpe Pinot Grigio (Colli Orientali del Friuli),60.0,229,18.0,2002
77,47.16,Yalumba 2016 Made With Organic Grapes Chardonnay (South Australia),3298.0,230,18.0,2016
998,39.18766066838046,The Four Graces 2007 Pinot Gris (Dundee Hills),434.0,231,18.0,2007
378,16.5,L.A. Cetto 1996 Private Reserve Nebbiolo (Valle de Guadalupe),1584.0,232,18.0,1996
580,39.18766066838046,Raconteur 2016 White (Washington),597.0,233,18.0,2016
327,17.575,De Martino 2007 Legado Reserva Chardonnay (Limarí Valley),3298.0,32,18.0,2007
229,39.18766066838046,Benessere 2005 Costa Del Sol Red (Napa Valley),1997.0,234,18.0,2005
308,15.333333333333334,Domaine Sigalas 2010 Asirtiko Athiri White (Santorini),597.0,235,18.0,2010
582,39.18766066838046,Seven Falls 2013 Merlot (Wahluke Slope),525.0,236,18.0,2013
310,32.2972972972973,Boffa 2006 Nebbiolo (Langhe),1584.0,237,18.0,2006
311,37.75,Otto's Constant Dream 2008 Syrah (Hawke's Bay),1212.0,238,18.0,2008
385,39.18766066838046,Vinoce 2001 Sauvignon Blanc (Rutherford),605.0,239,18.0,2001
584,18.6,Steininger 2016 Grüner Veltliner (Kamptal),157.0,240,18.0,2016
318,17.575,Aresti 2007 Reserva Merlot (Curicó Valley),525.0,58,18.0,2007
586,18.6,Strauss 2016 Classic Pinot Blanc (Steiermark),93.0,242,18.0,2016
815,39.18766066838046,Finn Hill 2013 Soleil Sauvignon Blanc (Wahluke Slope),605.0,243,18.0,2013
96,42.0,Henry Fessy 2015  Régnié,172.0,10,18.0,2015
906,39.18766066838046,Brennan 2015 Reddy Vineyard Roussanne (Texas High Plains),40.0,244,18.0,2015
912,39.18766066838046,Fullerton 2015 Three Otters Pinot Noir Rosé (Willamette Valley),493.0,245,18.0,2015
488,32.2972972972973,Vigneti Le Monde 2010 Pinot Grigio (Friuli Grave),60.0,104,18.0,2010
322,32.2972972972973,Sant Eurosia 2007 Millesimato Dry  (Prosecco di Valdobbiadene),194.0,188,18.0,2007
997,47.16,Yalumba 2006 Patchwork Shiraz (Barossa),420.0,230,18.0,2006
425,39.18766066838046,Lieb 2015 Bridge Lane Rosé (New York),493.0,246,18.0,2015
426,26.029411764705884,Luberri 2011 Seis  (Rioja),250.0,247,18.0,2011
257,29.11111111111111,Graham Beck 2007 The William Red (Coastal Region),1997.0,248,18.0,2007
115,39.18766066838046,Pull 2013 Chardonnay (Paso Robles),3298.0,249,18.0,2013
114,39.18766066838046,Pull 2012 BDX Red (Paso Robles),1244.0,249,18.0,2012
755,39.18766066838046,Handley 2009 Gewürztraminer (Anderson Valley),340.0,250,18.0,2009
107,32.2972972972973,Marchesi de' Frescobaldi 2015 Ammiraglia Massovivo Vermentino (Toscana),18.0,251,18.0,2015
249,39.18766066838046,Autumn Hill 2007 Petit Verdot-Merlot Red (Monticello),1244.0,253,18.0,2007
100,39.18766066838046,Ventosa 2015 Pinot Gris (Finger Lakes),434.0,254,18.0,2015
960,42.0,Château Cap Saint-Martin 2014  Blaye Côtes de Bordeaux,1244.0,255,18.0,2014
103,17.575,Leyda 2015 Single Vineyard Falaris Hill Chardonnay (Leyda Valley),3298.0,256,18.0,2015
777,32.2972972972973,Scubla 2008 Cràtis Verduzzo (Colli Orientali del Friuli),18.0,257,18.0,2008
340,42.0,Antoine Moltès & Fils 2015 Tradition Pinot Gris (Alsace),434.0,258,18.0,2015
481,32.2972972972973,Argiolas 2008 Costera Cannonau (Isola dei Nuraghi),33.0,259,18.0,2008
943,26.029411764705884,Finca del Marquesado 2013 Crianza  (Rioja),136.0,260,18.0,2013
196,32.2972972972973,Cesani 2007 Pancole  (Vernaccia di San Gimignano),47.0,261,18.0,2007
924,47.16,Sidewood 2014 Sauvignon Blanc (Adelaide Hills),605.0,262,18.0,2014
958,26.029411764705884,Ignacio Marín 2015 Wine Wings Garnacha Rosé (Cariñena),493.0,263,18.0,2015
588,39.18766066838046,Trinity River 2015 Chardonnay,3298.0,264,18.0,2015
344,17.575,Viña Tarapacá 2015 Gran Reserva Chardonnay (Leyda Valley),3298.0,265,19.0,2015
761,17.575,Ninquén 2009 Antu Cabernet Sauvignon-Carmenère (Colchagua Valley),19.0,267,19.0,2009
614,32.2972972972973,Suavia 2011  Soave Classico,68.0,268,19.0,2011
113,32.2972972972973,Poggioventoso 2015 Poetico White (Toscana),597.0,269,19.0,2015
374,39.18766066838046,Ceago Vinegarden 2001 Kathleen's Vineyard Sauvignon Blanc (Mendocino County),605.0,270,19.0,2001
600,32.2972972972973,Michele Chiarlo 2011 Le Marne  (Gavi),34.0,271,19.0,2011
627,32.2972972972973,Cascina La Ghersa 2009 Sivoy White (Monferrato),597.0,272,19.0,2009
264,29.11111111111111,Jardin 2007 Syrah (Stellenbosch),1212.0,274,19.0,2007
970,39.18766066838046,One Hope 2006 Cabernet Sauvignon (California),3878.0,275,19.0,2006
22,32.2972972972973,Baglio di Pianetto 2007 Ficiligno White (Sicilia),597.0,276,19.0,2007
273,32.88235294117647,O. Fournier 2007 B Crux Red (Uco Valley),1997.0,277,19.0,2007
448,42.0,André Brunel 2014 Domaine de la Becassonne White (Côtes du Rhône),19.0,278,19.0,2014
401,32.2972972972973,Val d'Oca 2008 Millesimato Extra Dry  (Prosecco di Valdobbiadene),194.0,279,19.0,2008
174,37.75,Stoneleigh 2008 Sauvignon Blanc (Marlborough),605.0,280,19.0,2008
503,39.18766066838046,Hanna 2011 Sauvignon Blanc (Russian River Valley),605.0,282,19.0,2011
298,17.575,Arboleda 2009 Cabernet Sauvignon (Aconcagua Valley),3878.0,283,19.0,2009
89,32.2972972972973,Fattoria Sardi 2015 Rosato (Toscana),38.0,284,19.0,2015
10,39.18766066838046,Kirkland Signature 2011 Mountain Cuvée Cabernet Sauvignon (Napa Valley),3878.0,285,19.0,2011
862,32.2972972972973,Tornatore 2015 Rosato (Etna),38.0,286,19.0,2015
410,39.18766066838046,Miles 2006 Cabernet Franc (Finger Lakes),484.0,287,20.0,2006
666,39.18766066838046,Poet's Leap 2014 Riesling (Columbia Valley (WA)),2244.0,288,20.0,2014
409,39.18766066838046,McGregor 2007 Dry Gewürztraminer (Finger Lakes),340.0,289,20.0,2007
624,39.18766066838046,Colter's Creek 2010 Koos-Koos-Kia Colter's Creek Vineyard Red (Idaho),1997.0,290,20.0,2010
412,32.2972972972973,Perlage 2008 Canah Brut  (Prosecco di Valdobbiadene),194.0,291,20.0,2008
698,39.18766066838046,Woodinville Wine Cellars 2012 Little Bear Creek Red (Columbia Valley (WA)),1244.0,292,20.0,2012
446,39.18766066838046,Flying Cloud 2014 Cabernet Sauvignon (Paso Robles),3878.0,293,20.0,2014
210,29.11111111111111,Eikendal 2014 Chardonnay (Western Cape),3298.0,294,20.0,2014
217,24.17241379310345,Quinta de Foz de Arouce 2013 Red (Beira Atlantico),360.0,295,20.0,2013
587,18.6,Strauss 2016 Classic Sauvignon Blanc (Südsteiermark),605.0,242,20.0,2016
609,39.18766066838046,Raptor Ridge 2012 Estate Grüner Veltliner (Chehalem Mountains),157.0,297,20.0,2012
499,42.0,Domaine du Grand Cros 2011 L'Esprit de Provence Rosé (Côtes de Provence),493.0,298,20.0,2011
599,39.18766066838046,Michael Pozzan 2010 Cabernet Sauvignon (Alexander Valley),3878.0,219,20.0,2010
552,42.0,Château Vignelaure 2015 Rosé (Coteaux d'Aix-en-Provence),493.0,299,20.0,2015
594,42.0,Lavau 2015 La Decelle Red,242.0,300,20.0,2015
704,42.0,Château Vignelaure 2014 Rosé (Coteaux d'Aix-en-Provence),493.0,299,20.0,2014
192,32.2972972972973,Aldegheri 2003 Le Pietre Santambrogio Red (Rosso del Veronese),1997.0,301,20.0,2003
706,42.0,Domaine de la Bastide Blanche 2014 TwoB Rosé (Côtes de Provence),493.0,302,20.0,2014
101,39.18766066838046,Lamoreaux Landing 2014 Red Oak Vineyard Riesling (Finger Lakes),2244.0,303,20.0,2014
131,42.0,Dopff & Irion 2008 Gentil White (Alsace),75.0,16,20.0,2008
309,32.2972972972973,Socré 2006 Nebbiolo (Langhe),1584.0,304,20.0,2006
86,39.18766066838046,Palencia 2016 Albariño (Ancient Lakes),79.0,305,20.0,2016
707,42.0,Domaine du Grand Cros 2014 L'Esprit de Provence Rosé (Côtes de Provence),493.0,298,20.0,2014
83,47.16,Mitolo 2016 Jester Sangiovese Rosé (McLaren Vale),493.0,306,20.0,2016
854,39.18766066838046,Easton 2014 Zinfandel (Amador County),603.0,307,20.0,2014
296,17.575,Ventisquero 2008 Grey [Glacier] Single Block Trinidad Vineyard Cabernet Sauvignon (Maipo Valley),3878.0,308,20.0,2008
880,39.18766066838046,Cline 2008 Sonoma Estate Syrah (Los Carneros),1212.0,202,20.0,2008
914,32.88235294117647,Graffigna 2012 Grand Reserve Malbec (San Juan),899.0,309,20.0,2012
822,32.2972972972973,Ridolfi 2012  Rosso di Montalcino,757.0,310,20.0,2012
916,39.18766066838046,Coelho 2015 Renovação Estate Vineyards Pinot Gris (Willamette Valley),434.0,311,20.0,2015
929,39.18766066838046,Bella Grace 2013 Estate Zinfandel (Amador County),603.0,312,20.0,2013
276,39.18766066838046,St. Francis 2009 Old Vines Zinfandel (Sonoma County),603.0,313,20.0,2009
34,39.18766066838046,Envolve 2011 Sauvignon Blanc (Sonoma Valley),605.0,314,20.0,2011
961,42.0,Château de Bel 2014  Bordeaux Supérieur,1244.0,315,20.0,2014
21,39.18766066838046,Acrobat 2013 Pinot Noir (Oregon),4511.0,316,20.0,2013
985,32.88235294117647,Pascual Toso 2007 Reserve Las Barrancas Vineyards Cabernet Sauvignon (Mendoza),3878.0,317,20.0,2007
988,39.18766066838046,Lachini 2007 Pinot Gris (Oregon),434.0,318,20.0,2007
256,29.11111111111111,Goats do Roam Wine Co. 2008 Goat-Roti Syrah-Viognier (Coastal Region),20.0,319,20.0,2008
925,39.18766066838046,Terre Rouge 2013 Vin Doux Naturel Muscat Blanc à Petits Grains (Shenandoah Valley (CA)),20.0,320,20.0,2013
319,32.2972972972973,Paladin 2007 Millesimato Brut Prosecco (Veneto),194.0,321,20.0,2007
839,39.18766066838046,Lamoreaux Landing 2013 Yellow Dog Vineyard Riesling (Finger Lakes),2244.0,303,20.0,2013
97,39.18766066838046,Heron Hill 2015 Ingle Vineyard Riesling (Finger Lakes),2244.0,322,20.0,2015
742,42.0,Paul Reitz 2014  Saint-Véran,3298.0,323,20.0,2014
218,39.18766066838046,Robert Mondavi 2015 Fumé Blanc (Napa Valley),20.0,325,20.0,2015
95,42.0,Henry Fessy 2015  Juliénas,172.0,10,20.0,2015
102,39.18766066838046,Lamoreaux Landing 2014 Yellow Dog Vineyard Riesling (Finger Lakes),2244.0,303,20.0,2014
422,39.18766066838046,Kerloo 2015 Blue Mountain Vineyard Grenache Blanc (Walla Walla Valley (WA)),42.0,326,20.0,2015
797,42.0,Château La Branne 2014  Médoc,1244.0,327,20.0,2014
419,42.0,Château de Callac 2011  Graves,1244.0,328,20.0,2011
809,26.029411764705884,Finca Constancia 2011 Parcela 23 Tempranillo (Vino de la Tierra de Castilla),250.0,329,20.0,2011
226,29.11111111111111,Oldenburg 2014 Chenin Blanc (Stellenbosch),113.0,330,20.0,2014
800,39.18766066838046,Chessman 2014 Cabernet Sauvignon (Santa Ynez Valley),3878.0,331,20.0,2014
369,32.2972972972973,Ronco del Gelso 1999 Chardonnay (Friuli),3298.0,332,21.0,1999
652,47.16,Plantagenet 2014 Riesling (Great Southern),2244.0,333,21.0,2014
37,32.2972972972973,Feudi del Pisciotto 2010 Missoni Cabernet Sauvignon (Sicilia),3878.0,334,21.0,2010
366,32.2972972972973,Cantina Terlano 2000 Vorberg Pinot Bianco (Alto Adige),87.0,135,21.0,2000
994,42.0,Fournier Père et Fils 2006 Les Belles Vignes  (Sancerre),605.0,335,22.0,2006
720,24.17241379310345,Cortes de Cima 2015 Rosé (Alentejano),493.0,336,22.0,2015
732,42.0,Domaine Michel Goubard 2014 Mont-Avril  (Côte Chalonnaise),4511.0,337,22.0,2014
177,32.2972972972973,Isole e Olena 2005  Chianti Classico,757.0,338,22.0,2005
94,39.18766066838046,Gård 2014 Grand Klasse Reserve Lawrence Vineyards Viognier (Columbia Valley (WA)),266.0,339,22.0,2014
23,39.18766066838046,Bianchi 2011 Signature Selection Merlot (Paso Robles),525.0,340,22.0,2011
753,39.18766066838046,Center of Effort 2008 Effort Chardonnay (Edna Valley),3298.0,341,22.0,2008
802,42.0,Domaine Franck Besson 2014 Le Griottier  (Juliénas),172.0,342,22.0,2014
51,17.575,Casa Silva 2008 Gran Reserva Petit Verdot (Colchagua Valley),54.0,343,22.0,2008
813,47.16,Torbreck 2013 Cuvee Juveniles Red (Barossa Valley),1997.0,344,22.0,2013
171,79.0,Fritz Haag 2014 Riesling (Mosel),2244.0,345,22.0,2014
535,79.0,Maximin Grünhäuser 2015 Trocken Riesling (Mosel),2244.0,346,22.0,2015
902,39.18766066838046,Becker 2014 Reserve Bingham Vineyard Roussanne (Texas High Plains),40.0,347,22.0,2014
882,39.18766066838046,Fuse 2009 Cabernet Sauvignon (Napa Valley),3878.0,348,22.0,2009
794,39.18766066838046,Buttonwood 2015 Grenache Blanc (Santa Ynez Valley),42.0,349,22.0,2015
816,39.18766066838046,Keuka Spring 2013 Pre-Emption Vineyard Gewürztraminer (Finger Lakes),340.0,350,22.0,2013
41,39.18766066838046,Hawkins Cellars 2009 Pinot Noir (Willamette Valley),4511.0,351,22.0,2009
251,39.18766066838046,Cherry Hill 2006 Papillon Estate Pinot Noir (Willamette Valley),4511.0,352,22.0,2006
224,32.88235294117647,Mendel 2014 Lunta Malbec (Luján de Cuyo),899.0,353,22.0,2014
320,32.2972972972973,Perlage 2008 Col di Manza Extra Dry Millesimato  (Prosecco di Valdobbiadene),194.0,291,22.0,2008
90,39.18766066838046,Ferrari-Carano 2014 Siena Red (Sonoma County),1997.0,354,23.0,2014
20,39.18766066838046,Quiévremont 2012 Vin de Maison Red (Virginia),1997.0,355,23.0,2012
371,32.2972972972973,Elena Walch 2002 Castel Ringberg Sauvignon Blanc (Alto Adige),605.0,356,23.0,2002
197,29.11111111111111,Spier 2014 21 Gables Chenin Blanc (Western Cape),113.0,357,23.0,2014
972,39.18766066838046,Saddleback 2008 Viognier (Clarksburg),266.0,359,23.0,2008
949,32.2972972972973,Travaglini 2014 Nebbiolo (Coste della Sesia),1584.0,360,23.0,2014
626,32.2972972972973,Domenico Cavazza 2008 Memorio Creari  (Gambellara Classico),68.0,361,23.0,2008
110,42.0,Pardon et Fils 2015 Les Quartelets  (Brouilly),172.0,362,23.0,2015
646,24.17241379310345,Quinta da Lagoalva de Cima 2013 Lagoalva Barrel Selection Tinto Red (Tejo),360.0,363,23.0,2013
911,42.0,Frédéric Brouca 2013 Samsó Seulle Cinsault (Vin de France),23.0,364,23.0,2013
423,18.6,Kohl 2015 Kittl Grüner Veltliner (Weinviertel),157.0,365,23.0,2015
831,42.0,Domaine du Haut-Poncié 2013 Roche Grès  (Moulin-à-Vent),172.0,366,23.0,2013
180,39.18766066838046,Manzoni 2006 Lucia Highland Vineyard Chardonnay (Santa Lucia Highlands),3298.0,367,23.0,2006
711,39.18766066838046,Dutton Estate 2013 Cohen Vineyard Dutton Ranch Sauvignon Blanc (Russian River Valley),605.0,368,23.0,2013
399,32.2972972972973,Astoria 2008 Extra Dry  (Prosecco di Valdobbiadene),194.0,369,24.0,2008
846,42.0,Domaine Barmès-Buecher 2014 Rosenberg Sylvaner (Alsace),40.0,370,24.0,2014
844,32.2972972972973,Cottanera 2015 Bianco  (Etna),24.0,371,24.0,2015
597,18.6,Malat 2016 Furth-Palt Riesling (Kremstal),2244.0,210,24.0,2016
84,39.18766066838046,Napa Cellars 2014 Classic Zinfandel (Napa Valley),603.0,372,24.0,2014
305,39.18766066838046,Claudia Springs 2007 Zinfandel (Mendocino County),603.0,373,24.0,2007
747,39.18766066838046,William Knuttel 2007 Pinot Noir (Sonoma Coast),4511.0,374,24.0,2007
65,42.0,Simonnet-Febvre 2015  Chablis,3298.0,375,24.0,2015
530,17.575,Lapostolle 2013 Cuvée Alexandre Apalta Vineyard Made With Organic Grapes Syrah (Colchagua Valley),1212.0,49,24.0,2013
7,42.0,Trimbach 2012 Gewurztraminer (Alsace),340.0,376,24.0,2012
650,32.2972972972973,Sturm 2014 Sauvignon (Collio),114.0,377,24.0,2014
15,79.0,Richard Böcking 2013 Devon Riesling (Mosel),2244.0,378,24.0,2013
957,39.18766066838046,Carica 2015 Ritchie Vineyard Sauvignon Blanc (Russian River Valley),605.0,379,24.0,2015
431,39.18766066838046,ONX 2015 Indie Tempranillo (Templeton Gap District),250.0,380,24.0,2015
280,18.6,Forstreiter 2012 Schiefer Reserve Grüner Veltliner (Kremstal),157.0,381,24.0,2012
641,39.18766066838046,Les Belles Collines 2014 Pinot Gris (California),434.0,383,25.0,2014
206,39.18766066838046,Courtney Benham 2014 Cabernet Sauvignon (Napa Valley),3878.0,384,25.0,2014
205,39.18766066838046,J. Lohr 2015 October Night Chardonnay (Arroyo Seco),3298.0,385,25.0,2015
665,32.2972972972973,Poderi Colla 2013 Costa Bruna  (Barbera d'Alba),51.0,386,25.0,2013
617,32.2972972972973,Bacio della Luna 2012 Millesimato Extra Dry  (Conegliano Valdobbiadene Prosecco Superiore),25.0,387,25.0,2012
225,29.11111111111111,Oldenburg 2013 Chardonnay (Stellenbosch),3298.0,330,25.0,2013
680,26.029411764705884,Bodegas Berceo 2011 Selección Crianza  (Rioja),136.0,388,25.0,2011
708,42.0,Domaine Sainte-Marie 2014 VieVité Extraordinaire Rosé (Côtes de Provence),493.0,389,25.0,2014
785,32.88235294117647,San Pedro de Yacochuya 2012 Red (Salta),1997.0,390,25.0,2012
717,42.0,JCB 2014 No. 5 Rosé (Côtes de Provence),493.0,391,25.0,2014
607,39.18766066838046,Quady North 2011 Steel-Ox Viognier (Rogue Valley),266.0,392,25.0,2011
496,26.029411764705884,Loess 2009 Collection Blanco Verdejo (Rueda),79.0,393,25.0,2009
129,29.11111111111111,Camberley 2004 Philosophers' Stone Red (Stellenbosch),1244.0,394,25.0,2004
166,42.0,Domaine Berthoumieu 2013 Charles de Batz Tannat-Cabernet (Madiran),25.0,395,25.0,2013
585,39.18766066838046,Stevens 2016 StevensSteel Chardonnay (Yakima Valley),3298.0,396,25.0,2016
606,39.18766066838046,Quady North 2011 Bomba Grenache (Rogue Valley),166.0,392,25.0,2011
722,32.88235294117647,Mendel 2015 Semillon (Mendoza),25.0,353,25.0,2015
78,39.18766066838046,Z'IVO 2015 Rosé of Pinot Noir (Eola-Amity Hills),4511.0,397,25.0,2015
175,32.2972972972973,Tenuta Peter Sölva & Söhne 2007 De Silva Sauvignon (Alto Adige),114.0,398,25.0,2007
987,47.16,Sieber Rd 2007 Viognier (Barossa Valley),266.0,399,25.0,2007
983,39.18766066838046,Breggo 2008 Gewürztraminer (Anderson Valley),340.0,400,25.0,2008
388,39.18766066838046,Kynsi 1999 Paragon Vineyard Pinot Noir (Edna Valley),4511.0,401,25.0,1999
178,39.18766066838046,Kenwood 2005 Jack London Vineyard Syrah (Sonoma Valley),1212.0,402,25.0,2005
270,32.2972972972973,Livio Felluga 2009 Friulano (Colli Orientali del Friuli),25.0,403,25.0,2009
247,39.18766066838046,Work 2004 Reserve Merlot (Sonoma Mountain),525.0,404,25.0,2004
62,39.18766066838046,Ram 2014 Alder Ridge Vineyard Cabernet Franc (Columbia Valley (WA)),484.0,405,25.0,2014
915,39.18766066838046,Coelho 2014 Atração Pinot Noir (Willamette Valley),4511.0,311,25.0,2014
558,39.18766066838046,Terre Rouge 2014 Enigma White (Sierra Foothills),597.0,320,25.0,2014
571,39.18766066838046,Berryessa Gap 2015 Albariño (Yolo County),79.0,406,25.0,2015
622,39.18766066838046,Coiled 2009 Sidewinder Red,1997.0,407,25.0,2009
843,39.18766066838046,Maryhill 2011 Proprietor's Reserve Cabernet Franc (Columbia Valley (WA)),484.0,408,25.0,2011
856,32.2972972972973,Fattoria La Rivolta 2015 Taburno Fiano (Sannio),25.0,409,25.0,2015
866,47.16,Beresford 2014 Handpicked Grenache Rosé (McLaren Vale),493.0,410,25.0,2014
150,39.18766066838046,Yardstick 2013 Ruth's Reach Cabernet Sauvignon (Napa Valley),3878.0,411,25.0,2013
886,42.0,Loup Blanc 2007 La Mère Grand Red (Minervois),242.0,412,25.0,2007
108,39.18766066838046,Martin Ranch 2014 J.D. Hurley Zinfandel (Santa Clara Valley),603.0,413,26.0,2014
995,32.2972972972973,Benanti 2006 Edèlmio White (Sicilia),597.0,414,26.0,2006
581,39.18766066838046,Savage Grace 2016 Orange Oak Ridge Vineyard Gewürztraminer (Columbia Gorge (WA)),340.0,415,26.0,2016
668,39.18766066838046,Raphael 2014 Virgin Berry Riesling (North Fork of Long Island),2244.0,416,26.0,2014
672,39.18766066838046,The Grapes of Roth 2014 Dry Riesling (Long Island),2244.0,417,26.0,2014
140,32.2972972972973,Poderi Colla 2005 Costa Bruna  (Barbera d'Alba),51.0,386,26.0,2005
190,32.2972972972973,Fattoria Alois 2007 Campole Red (Campania),1997.0,418,26.0,2007
272,32.2972972972973,Nals Margreid 2010 Sirmian Pinot Bianco (Alto Adige),87.0,419,26.0,2010
829,39.18766066838046,Columbia Winery 2013 Viognier (Columbia Valley (WA)),266.0,420,26.0,2013
157,24.17241379310345,Casa Santa Vitória 2013 Grande Reserva Tinto Red (Alentejano),360.0,421,26.0,2013
64,39.18766066838046,Sevtap 2015 Golden Horn Sauvignon Blanc (Santa Ynez Valley),605.0,422,26.0,2015
179,42.0,La Chablisienne 2006 Les Vénérables Vieilles Vignes  (Chablis),3298.0,424,27.0,2006
944,39.18766066838046,Folin Cellars 2015 Estate Viognier (Rogue Valley),266.0,425,27.0,2015
9,42.0,Jean-Baptiste Adam 2012 Les Natures Pinot Gris (Alsace),434.0,426,27.0,2012
885,39.18766066838046,Kokomo 2008 Petite Sirah (Dry Creek Valley),237.0,427,27.0,2008
806,39.18766066838046,Iron Hub 2014 Small Lot Chardonnay (Sierra Foothills),3298.0,428,27.0,2014
469,79.0,Dr. Loosen 2011 Wehlener Sonnenuhr Kabinett Riesling (Mosel),2244.0,429,27.0,2011
621,39.18766066838046,Claiborne & Churchill 2010 Pinot Noir (Edna Valley),4511.0,430,28.0,2010
705,37.75,Cloudy Bay 2014 Sauvignon Blanc (Marlborough),605.0,431,28.0,2014
635,26.029411764705884,Marqués de Murrieta 2010 Capellanía Viura (Rioja),38.0,432,28.0,2010
675,39.18766066838046,Acacia 2013 Pinot Noir (Carneros),4511.0,433,28.0,2013
696,37.75,Saint Clair 2014 Pioneer Block 20 Dillons Point Cash Block Sauvignon Blanc (Marlborough),605.0,434,28.0,2014
715,32.88235294117647,Benvenuto de la Serna 2010 Trisagio Malbec-Petit Verdot-Tannat Red (Valle de Uco),1997.0,435,28.0,2010
760,39.18766066838046,Mounts 2008 Estate Grown Syrah (Dry Creek Valley),1212.0,436,28.0,2008
233,39.18766066838046,Silvan Ridge 2006 Reserve Pinot Noir (Willamette Valley),4511.0,437,28.0,2006
314,39.18766066838046,Robert Mondavi 2008 Cabernet Sauvignon (Napa Valley),3878.0,325,28.0,2008
826,32.2972972972973,Tenuta San Giorgio 2012 Ciampoleto  (Rosso di Montalcino),757.0,438,28.0,2012
300,39.18766066838046,Benessere 2007 Estate Sangiovese (Napa Valley),757.0,234,28.0,2007
857,39.18766066838046,Fess Parker 2013 Syrah (Santa Barbara County),1212.0,439,28.0,2013
890,39.18766066838046,Phoenix Ranch 2009 Estate Viognier (Napa Valley),266.0,441,28.0,2009
899,32.2972972972973,Mazzei 2009 Fonterutoli  (Chianti Classico),757.0,442,28.0,2009
18,26.029411764705884,Pradorey 2010 Vendimia Seleccionada Finca Valdelayegua Single Vineyard Crianza  (Ribera del Duero),136.0,443,28.0,2010
623,39.18766066838046,Coiled 2010 Black Mamba Red,1997.0,407,28.0,2010
823,39.18766066838046,Still Waters 2010 Malbec (Paso Robles),899.0,444,28.0,2010
507,39.18766066838046,Camaraderie 2009 Clifton Vineyard Syrah (Wahluke Slope),1212.0,445,28.0,2009
167,39.18766066838046,Dracaena 2013 Cabernet Franc (Paso Robles),484.0,446,28.0,2013
508,39.18766066838046,Camaraderie 2009 Tempranillo (Yakima Valley),250.0,445,28.0,2009
203,24.17241379310345,Adega Cooperativa de Borba 2012 Montes Claros Garrafeira Red (Alentejo),360.0,447,28.0,2012
162,39.18766066838046,Claiborne & Churchill 2014 Claiborne Vineyard Riesling (Edna Valley),2244.0,430,28.0,2014
199,39.18766066838046,Sierra Starr 2014 Rising Starr Estate Bottled Cabernet Franc (Nevada County),484.0,448,28.0,2014
445,32.2972972972973,Fattorie Romeo del Castello 2015 Vigorosa Rosato Nerello Mascalese (Etna),58.0,449,28.0,2015
687,39.18766066838046,Cooper-Garrod 2012 Gravel Ridge Vineyard Chardonnay (Santa Cruz Mountains),3298.0,450,29.0,2012
164,17.575,Conde de Velázquez 2012 Condesa Real Premium Blend Red (Aconcagua Valley),1997.0,451,29.0,2012
789,79.0,Von Schleinitz 2015 Apollo Dry Riesling (Mosel),2244.0,452,29.0,2015
88,32.2972972972973,Poggio Alloro 2014 Le Mandorle Riserva  (Vernaccia di San Gimignano),47.0,453,29.0,2014
461,39.18766066838046,Chehalem 2012 Stoller Vineyards Pinot Blanc (Dundee Hills),93.0,454,29.0,2012
870,39.18766066838046,Greenwood Ridge 2013 Estate Bottled Syrah (Mendocino Ridge),1212.0,455,29.0,2013
894,32.2972972972973,Jacopo Biondi-Santi 2008 Castello di Montepò  (Morellino di Scansano),757.0,457,29.0,2008
238,47.16,D'Arenberg 2006 The Derelict Vineyard Grenache (McLaren Vale),166.0,458,29.0,2006
937,39.18766066838046,Chehalem 2015 Stoller Vineyards Pinot Blanc (Dundee Hills),93.0,454,29.0,2015
910,32.88235294117647,Antucura 2011 Grand Vin Red (Vista Flores),1244.0,459,30.0,2011
492,39.18766066838046,Zerba Cellars 2008 Sangiovese (Walla Walla Valley (WA)),757.0,461,30.0,2008
497,39.18766066838046,MICA Cellars 2009 Babcock Vineyard Cabernet Franc (Suisun Valley),484.0,462,30.0,2009
716,37.75,Carrick 2013 Unravelled Pinot Noir (Central Otago),4511.0,463,30.0,2013
974,39.18766066838046,Covington 2006 Rough House Red Red (Walla Walla Valley (WA)),1997.0,464,30.0,2006
132,29.11111111111111,Delheim 2001 Grand Reserve Cabernet Sauvignon (Simonsberg-Stellenbosch),3878.0,465,30.0,2001
700,32.88235294117647,El Enemigo 2012 Bonarda (Mendoza),55.0,466,30.0,2012
430,39.18766066838046,Ojai 2014 McGinley Vineyard Sauvignon Blanc (Santa Ynez Valley),605.0,467,30.0,2014
16,32.88235294117647,Felix Lavaque 2010 Felix Malbec (Cafayate),899.0,468,30.0,2010
684,39.18766066838046,Chateau Ste. Michelle 2012 Canoe Ridge Vineyard Cabernet Sauvignon (Horse Heaven Hills),3878.0,469,30.0,2012
11,42.0,Leon Beyer 2012 Gewurztraminer (Alsace),340.0,470,30.0,2012
204,39.18766066838046,J. Lohr 2014 Gesture G-S-M (Paso Robles),70.0,385,30.0,2014
669,39.18766066838046,Seven Hills 2013 McClellan Estate Vineyard Malbec (Walla Walla Valley (WA)),899.0,471,30.0,2013
655,39.18766066838046,St. Amant 2013 Lodi Native Marian's Vineyard Zinfandel (Mokelumne River),603.0,472,30.0,2013
424,39.18766066838046,Las Positas 2014 Verdigris White (California),597.0,473,30.0,2014
642,24.17241379310345,Luis Duarte 2013 Monte de Carrapatelo Colheita Seleccionada Tinto Red (Alentejano),360.0,474,30.0,2013
639,42.0,Domaines Schlumberger 2012 Kessler Grand Cru Pinot Gris (Alsace),434.0,475,30.0,2012
109,32.2972972972973,Ornellaia 2014 Le Volte Red (Toscana),1997.0,476,30.0,2014
106,32.2972972972973,Marchesi de' Frescobaldi 2014 Castiglioni Red (Toscana),1997.0,251,30.0,2014
769,32.2972972972973,Paternoster 2007 Synthesi  (Aglianico del Vulture),62.0,477,30.0,2007
243,39.18766066838046,Hermann J. Wiemer 2002 Blanc de Blanc Chardonnay (Finger Lakes),3298.0,478,30.0,2002
907,24.17241379310345,Casa de Vilacetinho 2013 Bruto Avesso (Vinho Verde),30.0,479,30.0,2013
905,39.18766066838046,Brennan 2014 Super Nero Nero d'Avola (Texas),87.0,244,30.0,2014
454,30.0,Pillitteri 2012 Reserve Icewine Vidal (Niagara-On-The-Lake),30.0,480,30.0,2012
191,47.16,Henry's Drive Vignerons 2006 The Trial of John Montford Cabernet Sauvignon (Padthaway),3878.0,481,30.0,2006
55,39.18766066838046,RustRidge 2010 Estate Bottled Chardonnay (Napa Valley),3298.0,482,30.0,2010
294,32.88235294117647,Finca Sophenia 2011 Synthesis Malbec (Tupungato),899.0,81,30.0,2011
861,32.2972972972973,Graci 2015 Rosso  (Etna),58.0,483,30.0,2015
277,39.18766066838046,Trailhead 2010 Cabernet Sauvignon (Napa Valley),3878.0,484,30.0,2010
853,79.0,Dr. H. Thanisch (Erben Thanisch) 2014 Thanisch Kabinett Riesling (Mosel),2244.0,485,30.0,2014
275,32.88235294117647,Sottano 2009 Reserva de Familia Cabernet Sauvignon (Mendoza),3878.0,486,30.0,2009
833,32.2972972972973,Dosio 2012  Nebbiolo d'Alba,1584.0,487,30.0,2012
605,32.88235294117647,Proemio 2009 Gran Reserve Winemaker's Selection Red (Mendoza),1997.0,488,30.0,2009
828,42.0,Clos Troteligotte 2013 K-libre Chenin Blanc (Côtes du Lot),113.0,489,30.0,2013
307,42.0,Domaine Bertagna 2009 Les Dames Huguettes  (Côte de Nuits-Villages),4511.0,490,30.0,2009
98,32.2972972972973,Serpaia di Endrizzi 2010 Dono Riserva  (Morellino di Scansano),757.0,491,30.0,2010
170,79.0,Fritz Haag 2014 Brauneberger Feinherb Riesling (Mosel),2244.0,345,30.0,2014
792,42.0,Bernard Magrez 2012 La Sérénité des Grands Chênes  (Médoc),1244.0,492,30.0,2012
421,39.18766066838046,Guardian 2013 Confidential Source Merlot (Columbia Valley (WA)),525.0,495,30.0,2013
527,79.0,Wittmann 2015 Trocken Scheurebe (Rheinhessen),30.0,496,30.0,2015
151,24.17241379310345,Herdade Grande 2014 Gerações Colheita Seleccionada Branco White (Alentejano),202.0,23,30.0,2014
542,32.2972972972973,Abbazia di Novacella 2012 Praepositus Passito Kerner (Alto Adige Valle Isarco),30.0,497,30.0,2012
384,32.2972972972973,San Michele Eppan 2002 Sanct Valentin Gewürztraminer (Alto Adige),340.0,498,30.0,2002
713,39.18766066838046,Friedeman 2013 Dichotomy Pinot Noir (Russian River Valley),4511.0,499,32.0,2013
19,39.18766066838046,Quiévremont 2012 Meritage (Virginia),87.0,355,32.0,2012
736,39.18766066838046,Felten Cellars 2013 Tempranillo (Paso Robles),250.0,500,32.0,2013
443,39.18766066838046,Dunbar 2012 Estate Grown Zinfandel (Sonoma Valley),603.0,501,32.0,2012
951,39.18766066838046,Yorkville Cellars 2013 Rennie Vineyard Organic Grapes Petit Verdot (Yorkville Highlands),54.0,502,32.0,2013
808,32.2972972972973,Moncaro 2015 Le Vele  (Verdicchio dei Castelli di Jesi Classico),32.0,503,32.0,2015
211,42.0,Famille Perrin 2013 Les Christins Red (Vacqueyras),242.0,504,32.0,2013
676,39.18766066838046,Array 2012 Dijon Clone Chardonnay (Yakima Valley),3298.0,505,32.0,2012
207,39.18766066838046,Del Carlo Winery 2014 Home Ranch Teldeschi Vineyards Century Old Vine Zinfandel (Dry Creek Valley),603.0,506,32.0,2014
72,32.2972972972973,Grifalco 2013 Daginestra  (Aglianico del Vulture),62.0,507,32.0,2013
765,39.18766066838046,Robert Foley 2008 The Griffin Red (Napa Valley),1997.0,508,32.0,2008
773,24.17241379310345,Monte da Penha 2005 Grande Reserva Red (Alentejo),360.0,509,32.0,2005
583,39.18766066838046,Silvertip 2014 Unfiltered Estate Pinot Noir (Santa Cruz Mountains),4511.0,510,32.0,2014
784,24.17241379310345,Quinta do Sagrado 2008 VT '08 Red (Douro),360.0,511,32.0,2008
165,17.575,Cono Sur 2012 20 Barrels Cabernet Sauvignon (Maipo Valley),3878.0,133,32.0,2012
743,39.18766066838046,Pech Merle 2013 Treborce Vineyard Zinfandel (Dry Creek Valley),603.0,512,33.0,2013
847,42.0,Domaine Bott-Geyl 2012 Galets Oligocène Pinot Noir (Alsace),4511.0,513,33.0,2012
12,39.18766066838046,Louis M. Martini 2012 Cabernet Sauvignon (Alexander Valley),3878.0,514,34.0,2012
241,39.18766066838046,Falcor 2005 Sangiovese (Napa Valley),757.0,515,34.0,2005
632,42.0,Jean-Marc Bernhard 2013 Wineck-Schlossberg Grand Cru Riesling (Alsace),2244.0,516,34.0,2013
473,24.17241379310345,Herdade Grande 2010 Gerações Colheita Seleccionada Red (Alentejano),360.0,23,34.0,2010
793,39.18766066838046,Brian Carter Cellars 2012 Tuttorosso Red (Yakima Valley),1997.0,517,34.0,2012
648,79.0,Reichsgraf von Kesselstatt 2014 Brauneberger Juffer-Sonnenuhr Spätlese Grosse Lage Riesling (Mosel),2244.0,518,34.0,2014
386,39.18766066838046,Merriam 2000 Windacre Vineyard Merlot (Russian River Valley),525.0,519,34.0,2000
942,39.18766066838046,Ektimo Vineyards 2014 Pinot Noir (Russian River Valley),4511.0,520,34.0,2014
329,39.18766066838046,Brutocao 2006 Reserve Zinfandel (Mendocino),603.0,521,34.0,2006
281,39.18766066838046,Cambria 2011 Bench Break Vineyard Pinot Noir (Santa Maria Valley),4511.0,522,34.0,2011
758,39.18766066838046,MacRostie 2008 Pinot Noir (Sonoma Coast),4511.0,523,34.0,2008
931,32.2972972972973,Borgogno F.lli Serio e Battista 2012  Barolo,1584.0,524,35.0,2012
653,39.18766066838046,Scratch 2013 Grenache (Arroyo Seco),166.0,525,35.0,2013
782,39.18766066838046,Laetitia 2008 Cuvée M Sparkling (Arroyo Grande Valley),223.0,526,35.0,2008
804,39.18766066838046,Efeste 2014 Lola Evergreen Vineyard Chardonnay (Ancient Lakes),3298.0,527,35.0,2014
664,32.2972972972973,Pecchenino 2013 Siri d'Jermu  (Dogliani Superiore),50.0,528,35.0,2013
878,42.0,Château Bel-Air Ortet 2009  Saint-Estèphe,1244.0,529,35.0,2009
160,42.0,Château Vincens 2012 Malbec (Cahors),899.0,530,35.0,2012
161,39.18766066838046,Chronic Cellars 2013 Mr. Nibbles Red (Paso Robles),1997.0,531,35.0,2013
756,39.18766066838046,Kuleto Estate 2008 Zinfandel (Napa Valley),603.0,532,35.0,2008
855,39.18766066838046,Edna Valley Vineyard 2013 Reserve Chardonnay (Edna Valley),3298.0,533,35.0,2013
678,32.2972972972973,Baracchi Riccardo 2012 Smeriglio Syrah (Cortona),1212.0,534,35.0,2012
679,39.18766066838046,Barrister 2012 Sagemoor Cabernet Sauvignon (Columbia Valley (WA)),3878.0,535,35.0,2012
909,32.2972972972973,Castello di Neive 2013  Barbaresco,1584.0,536,35.0,2013
193,42.0,Bertrand Ambroise 2006  St.-Romain,3298.0,537,35.0,2006
524,39.18766066838046,Structure 2014 Wallula Syrah (Horse Heaven Hills),1212.0,538,35.0,2014
451,32.2972972972973,Montemercurio 2007 Messaggero  (Vino Nobile di Montepulciano),757.0,539,35.0,2007
442,39.18766066838046,Wölffer 2013 Caya Cabernet Franc (Long Island),484.0,540,35.0,2013
336,17.575,Koyle 2015 Costa Pinot Noir (Colchagua Costa),4511.0,541,35.0,2015
295,39.18766066838046,Treana 2008 Treana Red Cabernet Sauvignon-Syrah (Paso Robles),35.0,542,35.0,2008
689,39.18766066838046,Nadia 2012 Quattro Santa Barbara Highlands Vineyard Red (Santa Barbara County),1997.0,543,35.0,2012
690,18.6,Nittnaus Hans und Christine 2013 Nit'ana Red (Burgenland),1997.0,544,35.0,2013
493,39.18766066838046,Insania 2009 Red (Red Mountain),1997.0,545,35.0,2009
692,32.2972972972973,Poggio Argentiera 2012 Capatosta  (Morellino di Scansano),1997.0,546,35.0,2012
795,42.0,Château Corbin 2014 Divin de Corbin  (Saint-Émilion),1244.0,547,35.0,2014
323,17.575,J. & F. Lurton 2006 Gran Araucano Cabernet Sauvignon (Colchagua Valley),3878.0,97,35.0,2006
550,39.18766066838046,Artesa 2014 Estate Reserve Chardonnay (Carneros),3298.0,548,35.0,2014
149,39.18766066838046,Wrath 2013 Destruction Level Red (Monterey),242.0,549,35.0,2013
195,32.2972972972973,Carpineto 2003 Riserva  (Vino Nobile di Montepulciano),35.0,550,35.0,2003
973,39.18766066838046,Alexander Valley Vineyards 2006 Alexander School Reserve Big Barrel Syrah (Alexander Valley),1212.0,551,35.0,2006
427,39.18766066838046,Macari 2010 Cuvée Gabriella Brut Rosé Sparkling (North Fork of Long Island),223.0,552,35.0,2010
24,32.2972972972973,Canicattì 2009 Aynat Nero d'Avola (Sicilia),87.0,553,35.0,2009
521,39.18766066838046,Qupé 2013 Sawyer Lindquist Vineyard Grenache (Edna Valley),166.0,554,35.0,2013
184,39.18766066838046,Anaba 2007 Chardonnay (Sonoma Coast),3298.0,555,35.0,2007
514,17.575,Cono Sur 2012 20 Barrels Limited Edition Peralillo Estate Merlot (Colchagua Valley),525.0,133,35.0,2012
258,29.11111111111111,Hartenberg 2007 Cabernet Sauvignon (Stellenbosch),3878.0,556,35.0,2007
618,39.18766066838046,Barlow 2009 Unfiltered Merlot (Calistoga),525.0,557,35.0,2009
520,39.18766066838046,Qupé 2013 Doux Sawyer Lindquist Vineyard Marsanne (Edna Valley),35.0,554,35.0,2013
628,47.16,Kangarilla Road 2012 Alluvial Fans Shiraz (McLaren Vale),420.0,558,35.0,2012
604,26.029411764705884,Príncipe de Viana 2008 Reserva 1423 Red (Navarra),1997.0,559,35.0,2008
838,39.18766066838046,Kontos 2011 Les Collines Vineyard Syrah (Walla Walla Valley (WA)),1212.0,561,36.0,2011
638,42.0,Domaines Schlumberger 2010 Kitterlé Grand Cru Riesling (Alsace),2244.0,475,36.0,2010
757,39.18766066838046,Lane Tanner 2009 Julia's Vineyard Pinot Noir (Santa Maria Valley),4511.0,562,36.0,2009
219,124.0,Samuel Tinon 2015 Megyer Dry Furmint (Tokaj),356.0,563,36.0,2015
598,39.18766066838046,Midnight 2013 Starlight Sangiovese (Paso Robles),757.0,564,36.0,2013
268,32.2972972972973,Marchesi Fumanelli 2005 Terso White (Veneto),597.0,565,36.0,2005
603,39.18766066838046,Peconic Bay Winery 2010 Cabernet Franc (North Fork of Long Island),484.0,566,36.0,2010
121,39.18766066838046,Matrix 2007 Stuhlmuller Vineyard Chardonnay (Alexander Valley),3298.0,567,36.0,2007
155,39.18766066838046,Big Basin 2013 Syrah (Santa Cruz Mountains),1212.0,568,36.0,2013
239,39.18766066838046,Dogwood 2005 Cabernet Sauvignon (Mendocino),3878.0,569,36.0,2005
214,39.18766066838046,Mounts 2014 Verah Red (Dry Creek Valley),242.0,436,36.0,2014
181,39.18766066838046,McIntyre Vineyards 2006 Mission Ranch Pinot Noir (Arroyo Seco),4511.0,570,36.0,2006
261,32.88235294117647,Algodon 2008 Estate Blend Gran Reserva Red,1997.0,571,37.0,2008
640,39.18766066838046,Foxen 2014 Tinaquaic Vineyard Chardonnay (Santa Maria Valley),3298.0,572,37.0,2014
576,42.0,Château de Pressac 2014 Les Terrasses de Pressac  (Saint-Émilion),1244.0,573,37.0,2014
953,39.18766066838046,Amalie Robert 2012 i Pinot Noir (Willamette Valley),4511.0,574,38.0,2012
534,39.18766066838046,Le Vigne 2014 Di Domenico Cabernet Sauvignon (Paso Robles),3878.0,575,38.0,2014
709,39.18766066838046,Dry Creek Vineyard 2012 DCV2 Estate Four Clones Vineyard Zinfandel (Dry Creek Valley),603.0,576,38.0,2012
783,39.18766066838046,Bella 2009 Big River Ranch Zinfandel (Alexander Valley),603.0,577,38.0,2009
158,32.2972972972973,Castello di Gabbiano 2012 Bellezza Gran Selezione  (Chianti Classico),757.0,579,38.0,2012
440,39.18766066838046,Walla Walla Vintners 2013 Cabernet Sauvignon (Walla Walla Valley (WA)),3878.0,580,38.0,2013
569,39.18766066838046,Alleromb 2014 La Reyna Blanca Vineyard Chardonnay (Columbia Valley (WA)),3298.0,581,38.0,2014
173,39.18766066838046,Le Cadeau 2014 Pinot Noir (Willamette Valley),4511.0,582,38.0,2014
674,39.18766066838046,Truchard 2012 Estate Cabernet Sauvignon (Carneros),3878.0,583,38.0,2012
803,39.18766066838046,Efeste 2013 Upright Klipsun Vineyard Merlot (Red Mountain),525.0,527,39.0,2013
122,39.18766066838046,Mauritson 2007 Rockpile Cemetary Vineyard Zinfandel (Rockpile),603.0,584,39.0,2007
449,32.2972972972973,Majolini 2006 Pas Dosé Aligi Sassu Chardonnay (Franciacorta),3298.0,585,39.0,2006
908,32.2972972972973,Cascina Bruciata 2013  Barbaresco,1584.0,586,39.0,2013
897,39.18766066838046,Market Vineyards 2008 Dividend Syrah (Columbia Valley (WA)),1212.0,587,39.0,2008
651,42.0,Kuentz-Bas 2014 Pfersigberg Grand Cru Riesling (Alsace),2244.0,223,39.0,2014
262,39.18766066838046,Beaver Creek 2008 Fairytale Red (Napa Valley),1997.0,588,39.0,2008
864,79.0,Winzergenossenschaft Mayschoss-Altenahr 2013 Trocken Früburgunder (Ahr),40.0,589,40.0,2013
375,32.2972972972973,Valiano 1997 Vino in Musica Sangiovese (Toscana),757.0,590,40.0,1997
867,39.18766066838046,Carabella 2013 Estate Pinot Noir (Chehalem Mountains),4511.0,591,40.0,2013
267,32.2972972972973,Lungarotti 2007 Torre di Giano Vigna il Pino White (Torgiano),597.0,592,40.0,2007
123,47.16,Henry's Drive Vignerons 2006 Parson's Flat Shiraz-Cabernet Sauvignon (Padthaway),40.0,481,40.0,2006
557,39.18766066838046,Sanctuary 2013 Bien Nacido Vineyard Pinot Noir (Santa Maria Valley),4511.0,593,40.0,2013
644,39.18766066838046,Niner 2013 Estate Grown Cabernet Sauvignon (Paso Robles),3878.0,594,40.0,2013
186,39.18766066838046,Harrington 2006 Wiley Vineyard Pinot Noir (Anderson Valley),4511.0,595,40.0,2006
771,39.18766066838046,Iron Horse 2007 Ocean Reserve Sparkling (Green Valley),223.0,596,40.0,2007
733,42.0,Domaine Poulleau Père et Fils 2014  Chorey-lès-Beaune,4511.0,597,40.0,2014
612,39.18766066838046,Sextant 2010 Caverio G-S-M (Paso Robles),70.0,598,40.0,2010
71,39.18766066838046,Eco Terreno 2013 Old Vine Cabernet Sauvignon (Alexander Valley),3878.0,599,40.0,2013
658,39.18766066838046,Vine Cliff 2013 Chardonnay (Los Carneros),3298.0,600,40.0,2013
330,39.18766066838046,Clos La Chance 2006 Lila's Cuvée Red (Central Coast),1997.0,601,40.0,2006
455,39.18766066838046,Robert Mondavi 2011 Reserve Chardonnay (Carneros),3298.0,325,40.0,2011
260,39.18766066838046,Willamette Valley Vineyards 2009 Estate Pinot Noir (Willamette Valley),4511.0,602,40.0,2009
874,24.17241379310345,Quinta do Vallado 2009 Sousão (Douro),40.0,603,40.0,2009
221,32.2972972972973,St. Pauls 2014 Passion Riserva Pinot Bianco (Alto Adige),87.0,604,40.0,2014
208,29.11111111111111,Delaire Graff 2013 Reserve White (Coastal Region),597.0,605,40.0,2013
699,29.11111111111111,Kanonkop 2012 Estate Wine Pinotage (Simonsberg-Stellenbosch),40.0,607,40.0,2012
950,39.18766066838046,Vine Cliff 2014 Chardonnay (Los Carneros),3298.0,600,40.0,2014
45,39.18766066838046,Tarara 2010 #SocialSecret Red (Virginia),1997.0,608,40.0,2010
212,26.029411764705884,Matarromera 2015 Fermentado en Barrica Verdejo (Rueda),79.0,609,40.0,2015
220,39.18766066838046,Sixteen by Twenty 2014 Chardonnay (Sonoma Coast),3298.0,610,40.0,2014
312,39.18766066838046,Mount Veeder 2008 Cabernet Sauvignon (Napa Valley),3878.0,611,40.0,2008
936,39.18766066838046,Chehalem 2013 Ian's Reserve Chardonnay (Willamette Valley),3298.0,454,40.0,2013
287,26.029411764705884,Acústic 2010 Braó Vinyes Velles Carignan-Grenache (Montsant),40.0,612,40.0,2010
554,42.0,Mas de Cadenet 2015 Mas Negrel Cadenet Rosé (Côtes de Provence Sainte-Victoire),493.0,613,40.0,2015
265,29.11111111111111,Jardin 2009 Nine Yards Chardonnay (Stellenbosch),3298.0,274,40.0,2009
980,32.2972972972973,Montresor 2003 Capitel della Crosara  (Amarone della Valpolicella Classico),41.0,35,41.0,2003
282,32.2972972972973,I Giusti e Zanza 2009 Dulcamara Red (Toscana),1997.0,614,41.0,2009
592,39.18766066838046,Kontos 2014 Summit View Vineyard Malbec (Walla Walla Valley (WA)),899.0,561,41.0,2014
541,39.18766066838046,Flying Goat Cellars 2012 Solomon Hills Vineyard Pinot Noir (Santa Maria Valley),4511.0,615,42.0,2012
439,26.029411764705884,Vinos de Arganza 2013 Marqués de Montejos Selección Mencía (Vino de la Tierra de Castilla y León),57.0,136,42.0,2013
869,39.18766066838046,Casa Dumetz 2014 Larner Grenache (Ballard Canyon),166.0,616,42.0,2014
539,39.18766066838046,Claiborne & Churchill 2014 Twin Creeks Estate Pinot Noir (Edna Valley),4511.0,430,42.0,2014
871,39.18766066838046,Herencia 2013 Merlot (Napa Valley),525.0,617,42.0,2013
429,39.18766066838046,Milbrandt 2013 The Estates Clifton Hill Vineyard Syrah (Wahluke Slope),1212.0,618,42.0,2013
468,79.0,Dr. Loosen 2011 Ürziger Würzgarten Alte Reben GG Trocken Riesling (Mosel),2244.0,429,42.0,2011
681,39.18766066838046,Bunnell 2011 ALX Syrah (Columbia Valley (WA)),1212.0,619,42.0,2011
553,32.88235294117647,Clos d'Argentine 2013 Winemaker's Selection Reserva Malbec (Mendoza),899.0,620,42.0,2013
812,39.18766066838046,Donkey & Goat 2013 Perli Vineyards Syrah (Mendocino Ridge),1212.0,621,42.0,2013
654,42.0,Sipp Mack 2014 Rosacker Grand Cru Riesling (Alsace),2244.0,623,43.0,2014
695,32.2972972972973,Ruffino 2010 Riserva Ducale Oro Gran Selezione  (Chianti Classico),1997.0,624,43.0,2010
117,39.18766066838046,Rideau 2014 Estate Syrah,1212.0,625,44.0,2014
673,39.18766066838046,The Withers Winery 2013 Charles Vineyard Pinot Noir (Anderson Valley),4511.0,626,44.0,2013
169,39.18766066838046,Dutton-Goldfield 2014 Dutton Ranch Pinot Noir (Russian River Valley),4511.0,627,44.0,2014
889,39.18766066838046,Pacific Ridge 2009 Red Label Pinot Noir (Sta. Rita Hills),4511.0,628,44.0,2009
881,26.029411764705884,Fuentes 2008 Coraje Red (Priorat),1997.0,629,44.0,2008
457,39.18766066838046,Rusack 2011 Solomon Hills Vineyard Pinot Noir (Santa Maria Valley),4511.0,630,45.0,2011
764,39.18766066838046,Pax 2007 Cuvée Christine Syrah (North Coast),1212.0,631,45.0,2007
292,42.0,Domaine Daniel Dugois 2006 Vin Jaune Savagnin (Arbois),45.0,632,45.0,2006
796,42.0,Château Haut-Logat 2014  Haut-Médoc,1244.0,633,45.0,2014
254,39.18766066838046,David Fulton 2008 Petite Sirah (St. Helena),237.0,634,45.0,2008
879,42.0,Château Ferrière 2009  Margaux,1244.0,635,45.0,2009
799,42.0,Château Mille-Roses 2012  Margaux,1244.0,636,45.0,2012
125,29.11111111111111,Le Riche 2003 Cabernet Sauvignon Reserve Cabernet Sauvignon (Stellenbosch),3878.0,637,45.0,2003
480,39.18766066838046,Sparkman 2009 Stella Mae Red (Red Mountain),1244.0,638,45.0,2009
860,39.18766066838046,Gershon Bachus 2009 Erato De Portola Trail Vineyard Cabernet Franc (Temecula Valley),484.0,639,45.0,2009
141,32.2972972972973,Giacomo Ascheri 2003 Vigna dei Pola  (Barolo),1584.0,640,45.0,2003
529,39.18766066838046,Joseph Jewell 2014 Bucher Vineyard Pinot Noir (Russian River Valley),4511.0,641,45.0,2014
404,39.18766066838046,Vino V 2005 White Hawk Vineyard Syrah (Santa Barbara County),1212.0,642,45.0,2005
124,39.18766066838046,Silverado 2006 Cabernet Sauvignon (Napa Valley),3878.0,643,45.0,2006
616,39.18766066838046,B Cellars 2011 Dutton Ranch Chardonnay (Russian River Valley),3298.0,644,45.0,2011
637,42.0,Biecher & Schaal 2014 Altenberg de Bergheim Grand Cru White (Alsace),75.0,645,45.0,2014
682,32.2972972972973,Castello di Neive 2011 Metodo Classico Pinot Nero (Piemonte),45.0,536,45.0,2011
538,39.18766066838046,Paul O'Brien 2014 Bradley Vineyard Pinot Noir (Umpqua Valley),4511.0,646,45.0,2014
560,39.18766066838046,Limerick Lane 2013 Headpruned Block Syrah (Russian River Valley),1212.0,647,45.0,2013
659,39.18766066838046,Va Piano 2012 Cabernet Sauvignon (Walla Walla Valley (WA)),3878.0,648,45.0,2012
863,39.18766066838046,West of Temperance 2012 Rio Vista Vineyard Pinot Noir (Sta. Rita Hills),4511.0,649,45.0,2012
750,39.18766066838046,De Loach 2008 Thornton Vineyard Pinot Noir (Sonoma Coast),4511.0,650,45.0,2008
248,39.18766066838046,Amity 2006 Estate Single Vineyard Pinot Noir (Willamette Valley),4511.0,220,45.0,2006
671,39.18766066838046,Stags' Leap Winery 2012 Petite Sirah (Napa Valley),237.0,651,45.0,2012
895,32.2972972972973,Le Buche 2006 Giuseppe Olivi Memento Red (Toscana),1997.0,652,45.0,2006
788,32.88235294117647,Viña Cobos 2015 Bramare Marchiori Vineyard Chardonnay (Perdriel),3298.0,653,46.0,2015
153,39.18766066838046,Alta Colina 2012 Old 900 Syrah (Paso Robles),1212.0,654,46.0,2012
551,39.18766066838046,Carlisle 2013 Pagani Ranch Zinfandel (Sonoma Valley),603.0,655,46.0,2013
67,39.18766066838046,Basel Cellars 2013 Inspired Red (Columbia Valley (WA)),1244.0,656,46.0,2013
712,39.18766066838046,Failla 2013 Keefer Ranch Pinot Noir (Russian River Valley),4511.0,657,48.0,2013
559,39.18766066838046,Limerick Lane 2013 Hail Mary Syrah-Grenache (Russian River Valley),48.0,647,48.0,2013
341,39.18766066838046,Pezzi King 2013 Serracino Reserve Zinfandel (Dry Creek Valley),603.0,658,48.0,2013
775,39.18766066838046,Patton Valley 2010 West Block Pinot Noir (Willamette Valley),4511.0,659,48.0,2010
126,42.0,Pierre Sparr 2007 Vendages Tardives Gewurztraminer (Alsace),340.0,92,48.0,2007
364,39.18766066838046,Winderlea 2014 Weber Vineyard Pinot Noir (Dundee Hills),4511.0,660,48.0,2014
630,39.18766066838046,WillaKenzie Estate 2013 Aliette Pinot Noir,4511.0,661,48.0,2013
634,39.18766066838046,Armida 2013 Tina's Block Maple Vineyard Zinfandel (Dry Creek Valley),603.0,662,48.0,2013
563,39.18766066838046,Flying Goat Cellars 2012 Rancho Santa Rosa Vineyard Pinot Noir (Sta. Rita Hills),4511.0,615,48.0,2012
900,26.029411764705884,Morlanda 2007 Criança Red (Priorat),1997.0,663,48.0,2007
187,32.2972972972973,Abbazia Santa Anastasia 2003 Montenero Red (Sicilia),1997.0,664,48.0,2003
213,39.18766066838046,MCV 2014 1105 Red (Paso Robles),1997.0,665,48.0,2014
510,39.18766066838046,Big Basin 2014 Coastview Vineyard Chardonnay (Monterey County),3298.0,568,48.0,2014
965,32.2972972972973,Vinosia 2006 Vecchie Vigne  (Primitivo di Manduria),59.0,666,48.0,2006
744,32.2972972972973,Punset 2011 Campo Quadro Riserva  (Barbaresco),1584.0,667,48.0,2011
525,39.18766066838046,Testarossa 2015 Rincon Vineyard Chardonnay (Arroyo Grande Valley),3298.0,668,49.0,2015
235,39.18766066838046,Testarossa 2006 Thompson Vineyard Syrah (Santa Barbara County),1212.0,668,49.0,2006
250,39.18766066838046,Blue Rock 2005 Estate Cabernet Sauvignon (Alexander Valley),3878.0,669,49.0,2005
561,39.18766066838046,Loring Wine Company 2014 Durell Vineyard Pinot Noir (Sonoma Coast),4511.0,670,50.0,2014
460,39.18766066838046,Chehalem 2011 Ridgecrest Vineyards Pinot Noir (Ribbon Ridge),4511.0,454,50.0,2011
532,39.18766066838046,Le Cadeau 2015 Diversité Pinot Noir (Willamette Valley),4511.0,582,50.0,2015
780,32.2972972972973,Castello d'Albola 2003  Vin Santo del Chianti Classico,597.0,671,50.0,2003
533,39.18766066838046,Le Cadeau 2015 Équinoxe Pinot Noir (Willamette Valley),4511.0,582,50.0,2015
536,39.18766066838046,Northstar 2013 Red (Walla Walla Valley (WA)),1244.0,672,50.0,2013
136,42.0,Lassègue 2003  Saint-Émilion,1244.0,673,50.0,2003
645,39.18766066838046,Purple Hands 2014 Freedom Hill Vineyard Pinot Noir (Willamette Valley),4511.0,674,50.0,2014
33,39.18766066838046,Envolve 2010 Puma Springs Vineyard Red (Dry Creek Valley),1997.0,314,50.0,2010
657,29.11111111111111,Fable Mountain 2011 Night Sky Red (Coastal Region),242.0,675,50.0,2011
955,32.2972972972973,Bersano 2012 Nirvasco  (Barolo),1584.0,676,50.0,2012
176,17.575,TerraMater 2006 Unusual Cabernet-Shiraz-Zinfandel Red (Maipo Valley),1997.0,677,50.0,2006
35,39.18766066838046,Erath 2010 Hyland Pinot Noir (McMinnville),4511.0,678,50.0,2010
677,32.2972972972973,Baracchi Riccardo 2011 Smeriglio Riserva Syrah (Cortona),1212.0,534,50.0,2011
691,39.18766066838046,Nottingham Cellars 2012 Ghielmetti Vineyard Micro-lot Reserve Malbec (Livermore Valley),899.0,679,50.0,2012
694,29.11111111111111,Reyneke 2013 Reserve Sauvignon Blanc (Stellenbosch),605.0,680,50.0,2013
278,39.18766066838046,Erath 2009 Bishop Creek Pinot Noir,4511.0,678,50.0,2009
714,37.75,Akarua 2012 Bannockburn Pinot Noir (Central Otago),4511.0,682,50.0,2012
546,39.18766066838046,Lutum 2014 Gap's Crown Vineyard Chardonnay (Sonoma Coast),3298.0,683,50.0,2014
918,32.2972972972973,Diego Conterno 2012 Ginestra  (Barolo),1584.0,684,50.0,2012
917,32.2972972972973,Deltetto 2012 Bussia  (Barolo),1584.0,685,50.0,2012
904,32.2972972972973,Boffa 2013 Pajè  (Barbaresco),1584.0,237,50.0,2013
570,39.18766066838046,Ardor 2015 Art Den Hoed Vineyard Syrah (Yakima Valley),1212.0,686,50.0,2015
901,24.17241379310345,Quinta do Vallado 2010 Reserva Branco White (Douro),202.0,603,50.0,2010
531,39.18766066838046,Le Cadeau 2011 Blanc de Noir Sparkling (Oregon),223.0,582,50.0,2011
458,32.2972972972973,Bellavista 2006 Gran Cuvée Pas Operé Sparkling (Franciacorta),223.0,687,50.0,2006
876,26.029411764705884,Vall Llach 2007 Idus Red (Priorat),1997.0,688,50.0,2007
154,26.029411764705884,Marques de Griñon 2010 Single Vineyard Estate Bottled Graciano (Dominio de Valdepusa),50.0,689,50.0,2010
202,65.0,Yatir 2011 Syrah (Judean Hills),1212.0,690,50.0,2011
279,32.2972972972973,Franz Haas 2009 Sauvignon (Alto Adige),114.0,691,52.0,2009
283,39.18766066838046,J. Christopher 2011 Bella Vida Vineyard Unfiltered Pinot Noir (Dundee Hills),4511.0,692,52.0,2011
989,26.029411764705884,Mauro 2005 Red (Vino de la Tierra de Castilla y León),136.0,693,53.0,2005
566,39.18766066838046,World's End 2013 If Six Was Nine Reserve Cabernet Sauvignon (Napa Valley),3878.0,694,53.0,2013
686,32.2972972972973,Comm. G. B. Burlotto 2011 Acclivi  (Barolo),1584.0,695,53.0,2011
437,39.18766066838046,Trione 2012 Henry's Blend Red (Alexander Valley),1244.0,696,54.0,2012
631,42.0,Willm 2011 Vendanges Tardives Gewurztraminer (Alsace),340.0,697,54.0,2011
611,39.18766066838046,Saintsbury 2010 Toyon Farm Pinot Noir (Carneros),4511.0,698,54.0,2010
544,39.18766066838046,ONX 2013 Reckoning Red (Templeton Gap District),1997.0,380,54.0,2013
567,32.88235294117647,Benegas 2011 Benegas Lynch La Encerrada Estate Vineyard Malbec (Mendoza),899.0,699,55.0,2011
152,39.18766066838046,Albatross Ridge 2012 Estate Reserve Pinot Noir (Carmel Valley),4511.0,700,55.0,2012
522,39.18766066838046,Rex Hill 2014 Sims Vineyard Pinot Noir (Willamette Valley),4511.0,701,55.0,2014
92,39.18766066838046,Franciscan 2013 Magnificat Meritage (Napa Valley),87.0,702,55.0,2013
87,39.18766066838046,Passaggio 2014 Blau Vineyards Merlot (Knights Valley),525.0,703,55.0,2014
939,39.18766066838046,Cuda Ridge Wines 2013 Melange d'Amis Reserve Red (Livermore Valley),1244.0,704,55.0,2013
74,39.18766066838046,Hindsight 2012 Estate Grown Petite Sirah (Calistoga),237.0,705,55.0,2012
516,39.18766066838046,Davis Family 2014 Soul Patch Estate Grown Pinot Noir (Russian River Valley),4511.0,706,55.0,2014
517,39.18766066838046,Davis Family 2014 Starr Ridge Vineyard Pinot Noir (Russian River Valley),4511.0,706,55.0,2014
59,39.18766066838046,Mellisoni 2014 Malbec (Columbia Valley (WA)),899.0,707,55.0,2014
255,39.18766066838046,Esterlina 2009 Reserva Pinot Noir (Cole Ranch),4511.0,708,55.0,2009
526,39.18766066838046,Tumwater 2014 Prince Hill Vineyard Reserve Pinot Noir (Dundee Hills),4511.0,709,55.0,2014
303,32.2972972972973,Cascina Adelaide 2005 4 Vigne  (Barolo),1584.0,711,56.0,2005
216,32.2972972972973,Podere Scopetone 2012  Brunello di Montalcino,757.0,712,57.0,2012
892,39.18766066838046,Bergevin Lane 2008 Stone Tree Vineyard Intuition Reserve Red (Columbia Valley (WA)),1244.0,713,58.0,2008
135,32.2972972972973,Giacomo Ascheri 2001 Sorano  (Barolo),1584.0,640,60.0,2001
361,32.2972972972973,Bel Colle 2012 Simposio  (Barolo),1584.0,716,60.0,2012
887,24.17241379310345,Maritávora 2009 Reserva Branco White (Douro),202.0,717,60.0,2009
928,32.2972972972973,Battaglio 2013  Barbaresco,1584.0,718,60.0,2013
540,39.18766066838046,Flying Goat Cellars 2012 Bien Nacido Vineyard Pinot Noir (Santa Maria Valley),4511.0,615,60.0,2012
286,39.18766066838046,Talley 2011 Rincon Vineyard Pinot Noir (Arroyo Grande Valley),4511.0,719,60.0,2011
198,39.18766066838046,Sequum 2013 Four Soil Mélange Cabernet Sauvignon (Napa Valley),3878.0,720,60.0,2013
365,47.16,Wakefield 2013 St. Andrews Single Vineyard Release Shiraz (Clare Valley),420.0,721,60.0,2013
518,42.0,Domaine Jeannin-Naltet 2014 Le Clos l'Evêque Premier Cru  (Mercurey),4511.0,722,60.0,2014
482,39.18766066838046,Babcock 2010 Ocean's Ghost Pinot Noir (Sta. Rita Hills),4511.0,723,60.0,2010
463,42.0,Vollereaux 2007 Cuvée Marguerite Brut  (Champagne),301.0,724,60.0,2007
643,39.18766066838046,Melhill 2012 Chardonnay (Sonoma Coast),3298.0,725,60.0,2012
633,47.16,Yeringberg 2013 Viognier (Yarra Valley),266.0,726,60.0,2013
263,39.18766066838046,Byron 2009 Monument Pinot Noir (Santa Maria Valley),4511.0,727,60.0,2009
201,32.2972972972973,Terlan 2014 Nova Domus Riserva White (Alto Adige),597.0,728,62.0,2014
564,39.18766066838046,Four Lanterns 2013 Fire Light Syrah (Paso Robles),1212.0,730,62.0,2013
145,39.18766066838046,Testarossa 2013 Guidotti Vineyard Pinot Noir (Santa Lucia Highlands),4511.0,668,64.0,2013
946,39.18766066838046,Frank Family 2013 Reserve Winston Hill Vineyard Sangiovese (Rutherford),757.0,731,65.0,2013
693,39.18766066838046,Pride Mountain 2012 Cabernet Franc (Sonoma County),484.0,732,65.0,2012
701,42.0,Château d'Esclans 2013 Les Clans Rosé (Côtes de Provence),493.0,733,65.0,2013
477,42.0,Château Vray Croix de Gay 2010  Pomerol,1244.0,734,65.0,2010
562,39.18766066838046,Eighty Four 2010 Petite Sirah (Napa Valley),237.0,735,65.0,2010
523,39.18766066838046,Ruby 2015 Steve's Reserve Pinot Noir (Chehalem Mountains),4511.0,736,65.0,2015
663,39.18766066838046,Paradise Ridge 2012 Rockpile Vineyard Cabernet Sauvignon (Rockpile),3878.0,737,65.0,2012
467,39.18766066838046,Domaine Serene 2010 Evenstad Reserve Pinot Noir (Willamette Valley),4511.0,738,65.0,2010
4,39.18766066838046,Sweet Cheeks 2012 Vintner's Reserve Wild Child Block Pinot Noir (Willamette Valley),4511.0,739,65.0,2012
662,32.2972972972973,Palladino 2011 Ornato  (Barolo),1584.0,740,65.0,2011
509,39.18766066838046,Beringer 2014 Quantum Red (Napa Valley),1997.0,180,65.0,2014
807,47.16,Kooyong 2013 Farrago Chardonnay (Mornington Peninsula),3298.0,741,66.0,2013
462,42.0,Henri de Villamont 2010 Blagny Premier Cru  (Meursault),3298.0,742,66.0,2010
358,79.0,Weingut Hans Bausch 2011 Hattenheimer Hassel Auslese Riesling (Rheingau),2244.0,743,66.0,2011
355,39.18766066838046,Rochioli 2014 Sweetwater Chardonnay (Russian River Valley),3298.0,745,68.0,2014
146,39.18766066838046,Vincent Vineyards 2010 Family Reserve Cabernet Sauvignon (Santa Ynez Valley),3878.0,746,68.0,2010
133,32.2972972972973,Poderi Luigi Einaudi 2003  Barolo,1584.0,747,68.0,2003
352,39.18766066838046,Rochioli 2014 South River Chardonnay (Russian River Valley),3298.0,745,68.0,2014
147,39.18766066838046,Vincent Vineyards 2012 Family Reserve Cabernet Sauvignon (Santa Ynez Valley),3878.0,746,68.0,2012
602,39.18766066838046,Paoletti 2010 Cabernet Sauvignon (Oak Knoll District),3878.0,748,69.0,2010
25,39.18766066838046,Castello di Amorosa 2011 King Ridge Vineyard Pinot Noir (Sonoma Coast),4511.0,750,69.0,2011
465,32.2972972972973,Valentina Cubi 2008 Morar  (Amarone della Valpolicella),1997.0,751,69.0,2008
759,39.18766066838046,"Monte De Oro 2006 Reserve, Vista del Monte Vineyard Syrah (Temecula Valley)",1212.0,752,70.0,2006
825,32.2972972972973,Tenuta Poggio il Castellare 2009  Brunello di Montalcino,757.0,753,70.0,2009
130,32.2972972972973,Ceretto 2003 Bricco Rocche Brunate  (Barolo),1584.0,754,70.0,2003
120,32.2972972972973,Ceretto 2003 Bricco Rocche Prapó  (Barolo),1584.0,754,70.0,2003
849,42.0,Domaine Faiveley 2014  Gevrey-Chambertin,4511.0,755,70.0,2014
568,39.18766066838046,W.H. Smith 2012 Reserve Cabernet Sauvignon (Howell Mountain),3878.0,756,70.0,2012
511,42.0,Boude Baudin 2010 Cuvée St Clément  (Champagne),301.0,715,70.0,2010
293,47.16,Kilikanoon 2009 Green's Vineyard Shiraz (Barossa Valley),420.0,757,70.0,2009
774,39.18766066838046,Patton Valley 2010 Lorna Marie Pinot Noir (Willamette Valley),4511.0,659,70.0,2010
683,32.2972972972973,Castello di Querceto 2010 Cignale Red (Colli della Toscana Centrale),1997.0,758,70.0,2010
470,42.0,H. Blin 2003 Édition Limitée Extra Brut  (Champagne),301.0,759,70.0,2003
656,39.18766066838046,Stoller 2013 Nancy's Pinot Noir (Dundee Hills),4511.0,760,70.0,2013
896,39.18766066838046,Leonesse Cellars 2007 Signature Selection Syrah (Temecula Valley),1212.0,761,70.0,2007
776,42.0,Pierre Gimonnet et Fils 2005 Oenophile Premier Cru Blanc de Blancs Extra Brut Chardonnay (Champagne),3298.0,762,72.0,2005
472,42.0,Henri de Villamont 2010 Les Feusselottes Premier Cru  (Chambolle-Musigny),4511.0,742,72.0,2010
888,39.18766066838046,Owen Roe 2009 Slide Mountain Vineyard Cabernet Franc (Yakima Valley),484.0,763,72.0,2009
471,42.0,Henri de Villamont 2010 Les Chatelots Premier Cru  (Chambolle-Musigny),4511.0,742,73.0,2010
543,39.18766066838046,Midsummer Cellars 2013 Cañon Creek Vineyard Cabernet Sauvignon (Napa Valley),3878.0,764,75.0,2013
73,39.18766066838046,Hindsight 2013 Bella Vetta Vineyard Cabernet Sauvignon (Howell Mountain),3878.0,705,75.0,2013
629,39.18766066838046,Walt 2013 Pinpoint Extreme Pinot Noir (Russian River Valley),4511.0,765,75.0,2013
75,39.18766066838046,Mulvane Wine Co. 2013 The Cypher Red (Napa Valley),1244.0,766,75.0,2013
748,39.18766066838046,Casa Larga 2008 Fiori Delle Stelle Ice Wine Cabernet Franc (Finger Lakes),484.0,767,75.0,2008
515,39.18766066838046,D.R. Stephens 2014 Silver Eagle Vineyard Pinot Noir (Sonoma Coast),4511.0,768,75.0,2014
555,39.18766066838046,Passing Time 2013 Cabernet Sauvignon (Horse Heaven Hills),3878.0,769,75.0,2013
649,39.18766066838046,Stone The Crows 2013 Three Twins Vineyard Fallen Feather Cabernet Sauvignon (Napa Valley),3878.0,770,75.0,2013
99,39.18766066838046,Soquel Vineyards 2013 Intreccio Library Selection Red (Napa Valley),1244.0,771,75.0,2013
685,39.18766066838046,Cobb 2012 Emmaline Ann Vineyard Pinot Noir (Sonoma Coast),4511.0,772,75.0,2012
134,39.18766066838046,Clark-Clauden 2007 Cabernet Sauvignon (Napa Valley),3878.0,773,78.0,2007
660,39.18766066838046,Y Rousseau 2012 Le Roi Soleil Cabernet Sauvignon (Mount Veeder),3878.0,774,80.0,2012
647,24.17241379310345,Quinta do Monte Xisto 2013 Red (Douro),360.0,775,80.0,2013
119,42.0,Dopff & Irion 2004 Schoenenbourg Grand Cru Vendanges Tardives Riesling (Alsace),2244.0,16,80.0,2004
118,32.2972972972973,Tenuta Forconi 2013 Toscano Red (Toscana),1997.0,776,80.0,2013
725,32.2972972972973,Paolo Manzone 2012 Meriame  (Barolo),1584.0,777,80.0,2012
215,65.0,Or Haganuz 2014 French Blend Red (Galilee),1244.0,778,80.0,2014
143,42.0,Domaine Zind-Humbrecht 2007 Hunawihr Clos Windsbuhl Pinot Gris (Alsace),434.0,779,84.0,2007
548,39.18766066838046,Iron Horse 2013 Thomas Road Pinot Noir (Green Valley),4511.0,596,85.0,2013
791,39.18766066838046,Beacon Hill 2013 Chehalem Mountain Vineyard Pinot Noir (Chehalem Mountains),4511.0,780,85.0,2013
781,32.2972972972973,Ferrari 2001 Giulio Ferrari Riserva del Fondatore Chardonnay (Trento),3298.0,781,85.0,2001
236,39.18766066838046,Meeker 2004 Kiss Ridge Vineyard Cabernet Sauvignon (Diamond Mountain District),3878.0,782,85.0,2004
356,47.16,Jasper Hill 2013 Georgia's Paddock Shiraz (Heathcote),420.0,783,85.0,2013
144,39.18766066838046,Terra Valentine 2013 K Block Cabernet Sauvignon (Spring Mountain District),3878.0,784,85.0,2013
111,39.18766066838046,Piña 2013 Wolff Vineyard Cabernet Sauvignon (Yountville),3878.0,785,85.0,2013
545,39.18766066838046,Les Belles Collines 2012 Les Sommets Cabernet Sauvignon (Napa Valley),3878.0,383,85.0,2012
556,26.029411764705884,Resalte 2010 Gran Resalte  (Ribera del Duero),250.0,786,88.0,2010
476,39.18766066838046,Castello di Amorosa 2009 La Castellana Red (Napa Valley),1997.0,750,88.0,2009
434,32.2972972972973,Revello Fratelli 2012 Rocche dell'Annunziata  (Barolo),1584.0,787,89.0,2012
549,32.2972972972973,Brandini 2011 Resa 56  (Barolo),1584.0,788,90.0,2011
513,39.18766066838046,Conn Creek 2013 El Adobo Ranch Vineyard Cabernet Sauvignon (Chiles Valley),3878.0,789,90.0,2013
688,39.18766066838046,Mosquito Fleet 2011 Reserve 34 Cabernet Sauvignon (Red Mountain),3878.0,790,90.0,2011
168,39.18766066838046,Duckhorn 2012 Rector Creek Vineyard Merlot (Napa Valley),525.0,791,95.0,2012
60,39.18766066838046,Okapi 2013 Estate Cabernet Sauvignon (Napa Valley),3878.0,793,100.0,2013
565,39.18766066838046,Turiya 2011 Shapeshifter Red (Central Coast),1997.0,795,100.0,2011
779,42.0,Bruno Paillard 2002 Assemblage Brut  (Champagne),301.0,796,101.0,2002
739,32.2972972972973,Marchesi di Barolo 2009 Riserva  (Barolo),1584.0,797,102.0,2009
778,39.18766066838046,Adelsheim 2010 Winderlea Vineyard Pinot Noir (Dundee Hills),4511.0,798,105.0,2010
359,42.0,Philippe Colin 2014 Les Chenevottes Premier Cru  (Chassagne-Montrachet),3298.0,799,110.0,2014
537,39.18766066838046,Padis 2012 Cabernet Sauvignon (Napa Valley),3878.0,800,110.0,2012
139,42.0,Kuentz-Bas 2007 Cuvée Jerémy Sélection de Grains Nobles Pinot Gris (Alsace),434.0,223,112.0,2007
464,79.0,Wittmann 2011 Westhofen Morstein GG Trocken Riesling (Rheinhessen),2244.0,496,115.0,2011
850,42.0,Domaine Jacques Prieur 2014 Grèves Premier Cru  (Beaune),3298.0,801,117.0,2014
710,37.75,Dry River 2013 Pinot Noir (Martinborough),4511.0,802,120.0,2013
289,39.18766066838046,Parallel 2010 Fortune Teller Cabernet Sauvignon (Napa Valley),3878.0,803,125.0,2010
636,47.16,Torbreck 2010 The Factor Shiraz (Barossa Valley),420.0,344,125.0,2010
810,39.18766066838046,Aiken 2013 Cabernet Sauvignon (Rutherford),3878.0,804,125.0,2013
360,47.16,Torbreck 2012 Descendant Shiraz-Viognier (Barossa Valley),350.0,344,125.0,2012
787,39.18766066838046,St. Supéry 2013 Rutherford Estate Vineyard Cabernet Sauvignon (Rutherford),3878.0,805,125.0,2013
475,39.18766066838046,Bell 2009 Clone 6 Cabernet Sauvignon (Rutherford),3878.0,806,130.0,2009
547,39.18766066838046,Turiya 2011 Stolpman Vineyard Sangiovese (Ballard Canyon),757.0,795,150.0,2011
859,39.18766066838046,Foretell 2012 Cabernet Sauvignon (Spring Mountain District),3878.0,807,150.0,2012
350,32.2972972972973,Cavallotto 2010 Vignolo Riserva  (Barolo),1584.0,808,150.0,2010
370,39.18766066838046,Sebastiani 1991 Cherryblock Vineyard Cabernet Sauvignon (Sonoma Valley),3878.0,809,160.0,1991
926,32.88235294117647,Antonio Mas 2011 Roll Fermentor Malbec (Tupungato),899.0,810,175.0,2011
362,39.18766066838046,J. Davies 2012 Jamie Cabernet Sauvignon (Diamond Mountain District),3878.0,811,200.0,2012
284,32.88235294117647,Viña Cobos 2011 Marchiori Vineyard Block C2 Malbec (Perdriel),899.0,653,215.0,2011
349,47.16,Torbreck 2012 RunRig Shiraz-Viognier (Barossa),350.0,344,225.0,2012
351,124.0,Oremus 2005 Eszencia  (Tokaji),356.0,812,320.0,2005
357,42.0,Château de la Tour 2013 Vieilles Vignes  (Clos de Vougeot),4511.0,813,350.0,2013
354,79.0,Robert Weil 2014 Kiedrich Gräfenberg Beerenauslese Riesling (Rheingau),2244.0,814,365.0,2014
363,42.0,Louis Latour 2014  Criots-Bâtard-Montrachet,3298.0,815,380.0,2014
353,42.0,Louis Latour 2014 Le Montrachet  (Montrachet),3298.0,815,630.0,2014
347,79.0,Robert Weil 2014 Kiedrich Gräfenberg Trockenbeerenauslese Riesling (Rheingau),2244.0,814,775.0,2014
